{"seed": 9548, "f_sampling": 4096, "duration": 128, "post_trigger_duration": 2, "trigger_time": 1187008882.43, "fmin": 20, "fref": 20, "ifos": ["H1", "L1", "V1"], "outdir": "./outdir_NRTv2_ref_wf_no_taper/injection_11/", "M_c": 1.5297825027626883, "q": 0.8777156398360011, "s1_z": -0.0419637097879255, "s2_z": 0.0478208692181685, "lambda_1": 1628.2064342611636, "lambda_2": 655.8837425641779, "d_L": 47.08489349659925, "t_c": -0.03306278861617842, "phase_c": 0.04764982788366498, "cos_iota": -0.28433736954498756, "psi": 0.43881179771832196, "ra": 2.4135088632051214, "sin_dec": -0.5112393630351251}