{"M_c": 1.5297825027626883, "eta": 0.24893971603746679, "s1_z": -0.0419637097879255, "s2_z": 0.0478208692181685, "lambda_1": 1628.2064342611636, "lambda_2": 655.8837425641779, "d_L": 47.08489349659925, "t_c": -0.03306278861617842, "phase_c": 0.04764982788366498, "iota": 1.859111525546081, "psi": 0.43881179771832196, "ra": 2.4135088632051214, "dec": -0.5366262343503512, "gmst": 2.7288923786848907}