{"seed": 5686, "f_sampling": 4096, "duration": 128, "post_trigger_duration": 2, "trigger_time": 1187008882.43, "fmin": 20, "fref": 20, "ifos": ["H1", "L1", "V1"], "outdir": "./outdir/injection_7/", "M_c": 1.2629948520825884, "q": 0.9911061201737035, "s1_z": -0.03237728695116911, "s2_z": -0.0452637450130981, "lambda_1": 729.7649454980875, "lambda_2": 3325.7374127471985, "d_L": 277.40653049025957, "t_c": -0.03447354195702078, "phase_c": 3.0158095574952677, "cos_iota": 0.9428263915772512, "psi": 2.552561853879891, "ra": 4.13210379319897, "sin_dec": -0.5418957144407037}