{"M_c": 1.2629948520825884, "eta": 0.2499950119165784, "s1_z": -0.03237728695116911, "s2_z": -0.0452637450130981, "lambda_1": 729.7649454980875, "lambda_2": 3325.7374127471985, "d_L": 277.40653049025957, "t_c": -0.03447354195702078, "phase_c": 3.0158095574952677, "iota": 0.3397848556365819, "psi": 2.552561853879891, "ra": 4.13210379319897, "dec": -0.5726910794618042, "gmst": 2.7288923786848907}