{"seed": 5212, "f_sampling": 4096, "duration": 128, "post_trigger_duration": 2, "trigger_time": 1187008882.43, "fmin": 20, "fref": 20, "ifos": ["H1", "L1", "V1"], "outdir": "./outdir/injection_4/", "M_c": 2.4039223114702057, "q": 0.8847417762508965, "s1_z": -0.022037111823953716, "s2_z": -0.030716495772664578, "lambda_1": 233.39658590624478, "lambda_2": 553.6931105349746, "d_L": 150.73619139758097, "t_c": 0.09308702319501569, "phase_c": 4.332404013239134, "cos_iota": -0.23452475828541752, "psi": 2.835439000037681, "ra": 3.5606133786563707, "sin_dec": 0.9603975447404529}