{"M_c": 2.4039223114702057, "eta": 0.24906506775311013, "s1_z": -0.022037111823953716, "s2_z": -0.030716495772664578, "lambda_1": 233.39658590624478, "lambda_2": 553.6931105349746, "d_L": 150.73619139758097, "t_c": 0.09308702319501569, "phase_c": 4.332404013239134, "iota": 1.8075259896309586, "psi": 2.835439000037681, "ra": 3.5606133786563707, "dec": 1.2884254933634456, "gmst": 2.7288923786848907}