{"seed": 4839, "f_sampling": 4096, "duration": 128, "post_trigger_duration": 2, "trigger_time": 1187008882.43, "fmin": 20, "fref": 20, "ifos": ["H1", "L1", "V1"], "outdir": "./outdir_NRTv2_ref_wf_no_taper/injection_78/", "M_c": 1.3207577185149528, "q": 0.7663518769921325, "s1_z": 0.008777168394942969, "s2_z": -0.010225375442342907, "lambda_1": 4013.0302270088355, "lambda_2": 514.8542187519445, "d_L": 222.95781792898822, "t_c": 0.021072837434283315, "phase_c": 6.054343963093631, "cos_iota": -0.7370090121550441, "psi": 1.8266639423039481, "ra": 4.003613219921671, "sin_dec": -0.34904657622879975}