{"M_c": 1.3207577185149528, "eta": 0.2456256839985138, "s1_z": 0.008777168394942969, "s2_z": -0.010225375442342907, "lambda_1": 4013.0302270088355, "lambda_2": 514.8542187519445, "d_L": 222.95781792898822, "t_c": 0.021072837434283315, "phase_c": 6.054343963093631, "iota": 2.399430636789761, "psi": 1.8266639423039481, "ra": 4.003613219921671, "dec": -0.35655349700053013, "gmst": 2.7288923786848907}