{"seed": 3749, "f_sampling": 4096, "duration": 128, "post_trigger_duration": 2, "trigger_time": 1187008882.43, "fmin": 20, "fref": 20, "ifos": ["H1", "L1", "V1"], "outdir": "./outdir_TaylorF2_part3/injection_15/", "M_c": 0.9896277037249069, "q": 0.7272719221906321, "s1_z": -0.033998678404395105, "s2_z": -0.024900386372042584, "lambda_1": 3807.911396719599, "lambda_2": 416.1922224025893, "d_L": 50.668878242106686, "t_c": -0.004907832127129891, "phase_c": 5.383288966735714, "cos_iota": 0.7325521542351467, "psi": 0.598712758086992, "ra": 6.208132158864726, "sin_dec": -0.6578455131034682}