{"M_c": 0.9896277037249069, "eta": 0.24376727041180402, "s1_z": -0.033998678404395105, "s2_z": -0.024900386372042584, "lambda_1": 3807.911396719599, "lambda_2": 416.1922224025893, "d_L": 50.668878242106686, "t_c": -0.004907832127129891, "phase_c": 5.383288966735714, "iota": 0.7487326524672059, "psi": 0.598712758086992, "ra": 6.208132158864726, "dec": -0.7179545506324492, "gmst": 2.7288923786848907}