{"seed": 8277, "f_sampling": 4096, "duration": 128, "post_trigger_duration": 2, "trigger_time": 1187008882.43, "fmin": 20, "fref": 20, "ifos": ["H1", "L1", "V1"], "outdir": "./outdir_TaylorF2_part3/injection_4/", "M_c": 2.210048455475663, "q": 0.6564575717757761, "s1_z": -0.01847386914485858, "s2_z": 0.04232728733405318, "lambda_1": 455.29098068103457, "lambda_2": 4200.996433533237, "d_L": 165.84944632805528, "t_c": -0.06281547390887139, "phase_c": 2.894037488648746, "cos_iota": -0.8200761216581502, "psi": 0.233861476529518, "ra": 5.354279924653628, "sin_dec": -0.04232293188063396}