{"M_c": 2.210048455475663, "eta": 0.23924674021692274, "s1_z": -0.01847386914485858, "s2_z": 0.04232728733405318, "lambda_1": 455.29098068103457, "lambda_2": 4200.996433533237, "d_L": 165.84944632805528, "t_c": -0.06281547390887139, "phase_c": 2.894037488648746, "iota": 2.5323403535320104, "psi": 0.233861476529518, "ra": 5.354279924653628, "dec": -0.04233557709752908, "gmst": 2.7288923786848907}