{"seed": 7498, "f_sampling": 4096, "duration": 128, "post_trigger_duration": 2, "trigger_time": 1187008882.43, "fmin": 20, "fref": 20, "ifos": ["H1", "L1", "V1"], "outdir": "./outdir_TaylorF2_part3/injection_29/", "M_c": 2.2950341902730362, "q": 0.6980330517352455, "s1_z": 0.03609184683437204, "s2_z": 0.046584295227622516, "lambda_1": 1566.320506297688, "lambda_2": 1884.2854902235756, "d_L": 141.32550032927122, "t_c": 0.06637236898261581, "phase_c": 4.009834289607756, "cos_iota": 0.5772475017666456, "psi": 0.7557740466449142, "ra": 5.454989525237224, "sin_dec": 0.020275327758920048}