{"M_c": 2.2950341902730362, "eta": 0.2420938226938129, "s1_z": 0.03609184683437204, "s2_z": 0.046584295227622516, "lambda_1": 1566.320506297688, "lambda_2": 1884.2854902235756, "d_L": 141.32550032927122, "t_c": 0.06637236898261581, "phase_c": 4.009834289607756, "iota": 0.9554424763986891, "psi": 0.7557740466449142, "ra": 5.454989525237224, "dec": 0.02027671717638117, "gmst": 2.7288923786848907}