{"seed": 4718, "f_sampling": 4096, "duration": 128, "post_trigger_duration": 2, "trigger_time": 1187008882.43, "fmin": 20, "fref": 20, "ifos": ["H1", "L1", "V1"], "outdir": "./outdir_NRTv2_ref_wf_no_taper/injection_32/", "M_c": 2.3485116097773022, "q": 0.5804700771512195, "s1_z": -0.036955014325212636, "s2_z": -0.020431715946371967, "lambda_1": 252.13311121811742, "lambda_2": 367.9999247177673, "d_L": 153.53343881382384, "t_c": -0.010633040403093347, "phase_c": 1.1626091952237658, "cos_iota": -0.48002797440764056, "psi": 2.044685074580609, "ra": 0.5615575478294658, "sin_dec": -0.19204930245538865}