{"M_c": 2.3485116097773022, "eta": 0.2323845664107205, "s1_z": -0.036955014325212636, "s2_z": -0.020431715946371967, "lambda_1": 252.13311121811742, "lambda_2": 367.9999247177673, "d_L": 153.53343881382384, "t_c": -0.010633040403093347, "phase_c": 1.1626091952237658, "iota": 2.0714829275575832, "psi": 2.044685074580609, "ra": 0.5615575478294658, "dec": -0.19324989478475565, "gmst": 2.7288923786848907}