{"seed": 9805, "f_sampling": 4096, "duration": 128, "post_trigger_duration": 2, "trigger_time": 1187008882.43, "fmin": 20, "fref": 20, "ifos": ["H1", "L1", "V1"], "outdir": "./outdir_TaylorF2_part3/injection_37/", "M_c": 2.455051806405361, "q": 0.8265590432130162, "s1_z": 0.021483130869718273, "s2_z": 0.048153211059976816, "lambda_1": 1977.7565049237155, "lambda_2": 3451.988889795431, "d_L": 116.1437774812603, "t_c": 0.02234859017150244, "phase_c": 5.4333456043714285, "cos_iota": 0.22552842189867928, "psi": 1.5559518864998572, "ra": 0.4389943217267069, "sin_dec": 0.6250664348804389}