{"M_c": 2.455051806405361, "eta": 0.24774588588024957, "s1_z": 0.021483130869718273, "s2_z": 0.048153211059976816, "lambda_1": 1977.7565049237155, "lambda_2": 3451.988889795431, "d_L": 116.1437774812603, "t_c": 0.02234859017150244, "phase_c": 5.4333456043714285, "iota": 1.343310928770846, "psi": 1.5559518864998572, "ra": 0.4389943217267069, "dec": 0.6752166405948039, "gmst": 2.7288923786848907}