{"seed": 5509, "f_sampling": 4096, "duration": 128, "post_trigger_duration": 2, "trigger_time": 1187008882.43, "fmin": 20, "fref": 20, "ifos": ["H1", "L1", "V1"], "outdir": "./outdir_NRTv2_new_taper/injection_3/", "M_c": 1.112014601904922, "q": 0.895416255817212, "s1_z": -0.012279378924043162, "s2_z": 0.0021543312898621853, "lambda_1": 2150.8105563193208, "lambda_2": 4911.3326695715505, "d_L": 36.63586072933648, "t_c": -0.03177763676378163, "phase_c": 4.643453596807914, "cos_iota": 0.29420461130134057, "psi": 2.596502723271238, "ra": 3.477474365372002, "sin_dec": -0.5627668499583662}