{"M_c": 1.112014601904922, "eta": 0.24923886940690973, "s1_z": -0.012279378924043162, "s2_z": 0.0021543312898621853, "lambda_1": 2150.8105563193208, "lambda_2": 4911.3326695715505, "d_L": 36.63586072933648, "t_c": -0.03177763676378163, "phase_c": 4.643453596807914, "iota": 1.2721731355907004, "psi": 2.596502723271238, "ra": 3.477474365372002, "dec": -0.5977292034659513, "gmst": 2.7288923786848907}