{"seed": 2523, "f_sampling": 4096, "duration": 128, "post_trigger_duration": 2, "trigger_time": 1187008882.43, "fmin": 20, "fref": 20, "ifos": ["H1", "L1", "V1"], "outdir": "./outdir_NRTv2_ref_wf_no_taper/injection_28/", "M_c": 1.7561630437503695, "q": 0.701917113072687, "s1_z": 0.009922898482456796, "s2_z": 0.027902812029684976, "lambda_1": 3100.355870212133, "lambda_2": 4518.071647707321, "d_L": 164.12025156907038, "t_c": 0.08271064860168487, "phase_c": 3.3109953006528854, "cos_iota": -0.9382239403324772, "psi": 2.9414021688397836, "ra": 2.7894594601942284, "sin_dec": 0.8788297489894736}