{"M_c": 1.7561630437503695, "eta": 0.24233102564207928, "s1_z": 0.009922898482456796, "s2_z": 0.027902812029684976, "lambda_1": 3100.355870212133, "lambda_2": 4518.071647707321, "d_L": 164.12025156907038, "t_c": 0.08271064860168487, "phase_c": 3.3109953006528854, "iota": 2.7882576926201628, "psi": 2.9414021688397836, "ra": 2.7894594601942284, "dec": 1.0734039730608507, "gmst": 2.7288923786848907}