{"seed": 1366, "f_sampling": 4096, "duration": 128, "post_trigger_duration": 2, "trigger_time": 1187008882.43, "fmin": 20, "fref": 20, "ifos": ["H1", "L1", "V1"], "outdir": "./outdir_NRTv2_new_taper/injection_6/", "M_c": 2.0751166994041785, "q": 0.6702896206063105, "s1_z": 0.003435816262565561, "s2_z": -0.04042527340836565, "lambda_1": 4833.267150958187, "lambda_2": 1775.1276997947707, "d_L": 45.34532511888729, "t_c": -0.09737242576480568, "phase_c": 4.055043011865495, "cos_iota": 0.7575867362184803, "psi": 1.6143336585504637, "ra": 4.050044058208852, "sin_dec": -0.5375262196029793}