{"M_c": 2.0751166994041785, "eta": 0.24025859314774214, "s1_z": 0.003435816262565561, "s2_z": -0.04042527340836565, "lambda_1": 4833.267150958187, "lambda_2": 1775.1276997947707, "d_L": 45.34532511888729, "t_c": -0.09737242576480568, "phase_c": 4.055043011865495, "iota": 0.7111883466640279, "psi": 1.6143336585504637, "ra": 4.050044058208852, "dec": -0.5675007203862862, "gmst": 2.7288923786848907}