{"seed": 3804, "f_sampling": 4096, "duration": 128, "post_trigger_duration": 2, "trigger_time": 1187008882.43, "fmin": 20, "fref": 20, "ifos": ["H1", "L1", "V1"], "outdir": "./outdir_TaylorF2_part3/injection_27/", "M_c": 1.4389499071606777, "q": 0.6001877399222685, "s1_z": -0.027306855055746815, "s2_z": 0.02849011093278979, "lambda_1": 2000.3249118530591, "lambda_2": 1467.7430682550846, "d_L": 59.968456623364744, "t_c": -0.03619193871940381, "phase_c": 1.415295521700856, "cos_iota": 0.6912850429299935, "psi": 0.2808275436338953, "ra": 2.625635253484033, "sin_dec": 0.8440577499093502}