{"M_c": 1.4389499071606777, "eta": 0.23439332644888095, "s1_z": -0.027306855055746815, "s2_z": 0.02849011093278979, "lambda_1": 2000.3249118530591, "lambda_2": 1467.7430682550846, "d_L": 59.968456623364744, "t_c": -0.03619193871940381, "phase_c": 1.415295521700856, "iota": 0.8075303795333052, "psi": 0.2808275436338953, "ra": 2.625635253484033, "dec": 1.0048056273995867, "gmst": 2.7288923786848907}