{"seed": 3474, "f_sampling": 4096, "duration": 128, "post_trigger_duration": 2, "trigger_time": 1187008882.43, "fmin": 20, "fref": 20, "ifos": ["H1", "L1", "V1"], "outdir": "./outdir_NRTv2_ref_wf_no_taper/injection_49/", "M_c": 1.8412746742563175, "q": 0.7047097078385451, "s1_z": 0.009742170585419818, "s2_z": 0.032900424456571944, "lambda_1": 3444.4131967092962, "lambda_2": 4527.430708412393, "d_L": 54.2710646431637, "t_c": -0.05765279376363486, "phase_c": 0.16409481581071536, "cos_iota": 0.5913936897255199, "psi": 1.615707859110522, "ra": 1.3016005813169707, "sin_dec": -0.3045188836669168}