{"M_c": 1.8412746742563175, "eta": 0.24249868368723723, "s1_z": 0.009742170585419818, "s2_z": 0.032900424456571944, "lambda_1": 3444.4131967092962, "lambda_2": 4527.430708412393, "d_L": 54.2710646431637, "t_c": -0.05765279376363486, "phase_c": 0.16409481581071536, "iota": 0.9380102567704717, "psi": 1.615707859110522, "ra": 1.3016005813169707, "dec": -0.30943328279618804, "gmst": 2.7288923786848907}