{"seed": 1263, "f_sampling": 4096, "duration": 128, "post_trigger_duration": 2, "trigger_time": 1187008882.43, "fmin": 20, "fref": 20, "ifos": ["H1", "L1", "V1"], "outdir": "./outdir_NRTv2_ref_wf_no_taper/injection_13/", "M_c": 1.6077845790525993, "q": 0.5027757574621764, "s1_z": 0.02880446907778761, "s2_z": -0.010975295001513327, "lambda_1": 3752.4058267443093, "lambda_2": 1938.3179194462791, "d_L": 57.72120219006092, "t_c": -0.012339326671869405, "phase_c": 1.9629475282948556, "cos_iota": 0.5011731857626391, "psi": 0.15661353729134408, "ra": 3.9439598736074792, "sin_dec": 0.6338480292093334}