{"M_c": 1.6077845790525993, "eta": 0.22263116966021473, "s1_z": 0.02880446907778761, "s2_z": -0.010975295001513327, "lambda_1": 3752.4058267443093, "lambda_2": 1938.3179194462791, "d_L": 57.72120219006092, "t_c": -0.012339326671869405, "phase_c": 1.9629475282948556, "iota": 1.0458423423719712, "psi": 0.15661353729134408, "ra": 3.9439598736074792, "dec": 0.6865182313928855, "gmst": 2.7288923786848907}