{"seed": 4245, "f_sampling": 4096, "duration": 128, "post_trigger_duration": 2, "trigger_time": 1187008882.43, "fmin": 20, "fref": 20, "ifos": ["H1", "L1", "V1"], "outdir": "./outdir_TaylorF2_part3/injection_13/", "M_c": 2.0477830903507934, "q": 0.5727047727231599, "s1_z": -0.024307577947508454, "s2_z": 0.012310196560428775, "lambda_1": 61.064672916407716, "lambda_2": 4211.686339355734, "d_L": 101.84271168005696, "t_c": 0.040903932663987785, "phase_c": 4.830683766708367, "cos_iota": 0.5289151935158509, "psi": 0.24139043478454264, "ra": 4.277324284639751, "sin_dec": -0.7773866196234986}