{"M_c": 2.0477830903507934, "eta": 0.23154552549630375, "s1_z": -0.024307577947508454, "s2_z": 0.012310196560428775, "lambda_1": 61.064672916407716, "lambda_2": 4211.686339355734, "d_L": 101.84271168005696, "t_c": 0.040903932663987785, "phase_c": 4.830683766708367, "iota": 1.0134745072894258, "psi": 0.24139043478454264, "ra": 4.277324284639751, "dec": -0.8905004184749409, "gmst": 2.7288923786848907}