{"seed": 3759, "f_sampling": 4096, "duration": 128, "post_trigger_duration": 2, "trigger_time": 1187008882.43, "fmin": 20, "fref": 20, "ifos": ["H1", "L1", "V1"], "outdir": "./outdir_NRTv2_ref_wf_no_taper/injection_57/", "M_c": 0.97262857861185, "q": 0.6909702792722657, "s1_z": 0.04307684592813686, "s2_z": -0.03660762000823701, "lambda_1": 700.3107465341279, "lambda_2": 2022.2324020956678, "d_L": 69.07323264182844, "t_c": 0.09319066489342387, "phase_c": 5.804809925078476, "cos_iota": -0.7056321520566615, "psi": 1.8491292055826698, "ra": 2.4107301607863234, "sin_dec": 0.44585854689498006}