{"M_c": 0.97262857861185, "eta": 0.2416503444731054, "s1_z": 0.04307684592813686, "s2_z": -0.03660762000823701, "lambda_1": 700.3107465341279, "lambda_2": 2022.2324020956678, "d_L": 69.07323264182844, "t_c": 0.09319066489342387, "phase_c": 5.804809925078476, "iota": 2.3541112181808344, "psi": 1.8491292055826698, "ra": 2.4107301607863234, "dec": 0.4621331913902218, "gmst": 2.7288923786848907}