{"seed": 6255, "f_sampling": 4096, "duration": 128, "post_trigger_duration": 2, "trigger_time": 1187008882.43, "fmin": 20, "fref": 20, "ifos": ["H1", "L1", "V1"], "outdir": "./outdir/injection_0/", "M_c": 2.142277010053463, "q": 0.7512405235642408, "s1_z": 0.038291163786632706, "s2_z": -0.023946302642973007, "lambda_1": 4528.278864130404, "lambda_2": 1004.6593681359028, "d_L": 132.9787699851678, "t_c": 0.07088738442753223, "phase_c": 4.302557560790649, "cos_iota": 0.28908168357527675, "psi": 3.0493542260746382, "ra": 5.403449399538045, "sin_dec": 0.06762070961361544}