{"seed": 1653, "f_sampling": 4096, "duration": 128, "post_trigger_duration": 2, "trigger_time": 1187008882.43, "fmin": 20, "fref": 20, "ifos": ["H1", "L1", "V1"], "outdir": "./outdir_NRTv2_ref_wf_no_taper/injection_35/", "M_c": 1.4175845388212174, "q": 0.7070128774351543, "s1_z": 0.03625317934349445, "s2_z": -0.03616731146274163, "lambda_1": 2942.7831298257047, "lambda_2": 1880.6618151909593, "d_L": 288.449067857028, "t_c": 0.03966798174139413, "phase_c": 6.042767175064735, "cos_iota": 0.9234277224620397, "psi": 0.30532413880983417, "ra": 5.965003237026797, "sin_dec": -0.32878856553115265}