{"M_c": 1.4175845388212174, "eta": 0.24263515724004486, "s1_z": 0.03625317934349445, "s2_z": -0.03616731146274163, "lambda_1": 2942.7831298257047, "lambda_2": 1880.6618151909593, "d_L": 288.449067857028, "t_c": 0.03966798174139413, "phase_c": 6.042767175064735, "iota": 0.3938780407157762, "psi": 0.30532413880983417, "ra": 5.965003237026797, "dec": -0.3350205373939568, "gmst": 2.7288923786848907}