{"seed": 5200, "f_sampling": 4096, "duration": 128, "post_trigger_duration": 2, "trigger_time": 1187008882.43, "fmin": 20, "fref": 20, "ifos": ["H1", "L1", "V1"], "outdir": "./outdir_NRTv2_ref_wf_no_taper/injection_89/", "M_c": 2.391587719731464, "q": 0.6833560636303848, "s1_z": 0.01640173863525632, "s2_z": 0.01453529846987224, "lambda_1": 4130.073345393384, "lambda_2": 4783.380402461821, "d_L": 75.03332788332688, "t_c": -0.06398079601527525, "phase_c": 5.705354633053559, "cos_iota": 0.7813610221710803, "psi": 2.4722136613144587, "ra": 0.8816755913004619, "sin_dec": 0.2926295553439733}