{"M_c": 2.391587719731464, "eta": 0.24115433709666337, "s1_z": 0.01640173863525632, "s2_z": 0.01453529846987224, "lambda_1": 4130.073345393384, "lambda_2": 4783.380402461821, "d_L": 75.03332788332688, "t_c": -0.06398079601527525, "phase_c": 5.705354633053559, "iota": 0.6739526289310329, "psi": 2.4722136613144587, "ra": 0.8816755913004619, "dec": 0.296975616225801, "gmst": 2.7288923786848907}