{"seed": 6287, "f_sampling": 4096, "duration": 128, "post_trigger_duration": 2, "trigger_time": 1187008882.43, "fmin": 20, "fref": 20, "ifos": ["H1", "L1", "V1"], "outdir": "./outdir_NRTv2_ref_wf_no_taper/injection_87/", "M_c": 2.2709240893749976, "q": 0.7549894140255355, "s1_z": 0.030546003255451343, "s2_z": -0.048006418820745515, "lambda_1": 1894.7743339845351, "lambda_2": 2705.514658546917, "d_L": 142.29919501273235, "t_c": -0.05125979687833913, "phase_c": 5.381998773474653, "cos_iota": -0.21229164594792915, "psi": 2.9864539837757946, "ra": 1.186517022602223, "sin_dec": 0.21818596402411283}