{"M_c": 2.2709240893749976, "eta": 0.2451274006349308, "s1_z": 0.030546003255451343, "s2_z": -0.048006418820745515, "lambda_1": 1894.7743339845351, "lambda_2": 2705.514658546917, "d_L": 142.29919501273235, "t_c": -0.05125979687833913, "phase_c": 5.381998773474653, "iota": 1.7847157909530567, "psi": 2.9864539837757946, "ra": 1.186517022602223, "dec": 0.21995526288298267, "gmst": 2.7288923786848907}