{"seed": 3992, "f_sampling": 4096, "duration": 128, "post_trigger_duration": 2, "trigger_time": 1187008882.43, "fmin": 20, "fref": 20, "ifos": ["H1", "L1", "V1"], "outdir": "./outdir_NRTv2_new_taper/injection_8/", "M_c": 2.193305300009805, "q": 0.6884997491416309, "s1_z": 0.0014806994239374496, "s2_z": 0.023586648585544018, "lambda_1": 873.3908226487041, "lambda_2": 823.4565780871944, "d_L": 43.10958535128309, "t_c": 0.09384790585472391, "phase_c": 6.057207620429277, "cos_iota": 0.916514020037777, "psi": 2.312639566967556, "ra": 0.11398733078857827, "sin_dec": 0.4108350476081708}