{"M_c": 2.193305300009805, "eta": 0.24149146461629786, "s1_z": 0.0014806994239374496, "s2_z": 0.023586648585544018, "lambda_1": 873.3908226487041, "lambda_2": 823.4565780871944, "d_L": 43.10958535128309, "t_c": 0.09384790585472391, "phase_c": 6.057207620429277, "iota": 0.41151964344200037, "psi": 2.312639566967556, "ra": 0.11398733078857827, "dec": 0.4233697873109082, "gmst": 2.7288923786848907}