{"seed": 5584, "f_sampling": 4096, "duration": 128, "post_trigger_duration": 2, "trigger_time": 1187008882.43, "fmin": 20, "fref": 20, "ifos": ["H1", "L1", "V1"], "outdir": "./outdir_TaylorF2_part3/injection_83/", "M_c": 2.280978095263779, "q": 0.9307109244395283, "s1_z": -0.026481687324901762, "s2_z": 0.0366980943461849, "lambda_1": 1263.6186442626397, "lambda_2": 2597.272822318668, "d_L": 161.56288504328745, "t_c": -0.030738234635438594, "phase_c": 5.296040807606936, "cos_iota": -0.5166543789639093, "psi": 3.049632723953874, "ra": 2.9079819849477455, "sin_dec": -0.5026497800839185}