{"M_c": 2.280978095263779, "eta": 0.24967801544861334, "s1_z": -0.026481687324901762, "s2_z": 0.0366980943461849, "lambda_1": 1263.6186442626397, "lambda_2": 2597.272822318668, "d_L": 161.56288504328745, "t_c": -0.030738234635438594, "phase_c": 5.296040807606936, "iota": 2.113735099749735, "psi": 3.049632723953874, "ra": 2.9079819849477455, "dec": -0.5266611901784098, "gmst": 2.7288923786848907}