{"seed": 4258, "f_sampling": 4096, "duration": 128, "post_trigger_duration": 2, "trigger_time": 1187008882.43, "fmin": 20, "fref": 20, "ifos": ["H1", "L1", "V1"], "outdir": "./outdir/injection_14/", "M_c": 0.907298186444566, "q": 0.5253136537005468, "s1_z": 0.002320173132624982, "s2_z": 0.01599172710789501, "lambda_1": 3051.976165094867, "lambda_2": 4870.801585182218, "d_L": 70.6419034207383, "t_c": 0.01421705366741513, "phase_c": 0.5239492755572773, "cos_iota": -0.7148168763789275, "psi": 0.298209439266861, "ra": 4.0930450270691905, "sin_dec": -0.06947171255033968}