{"M_c": 0.907298186444566, "eta": 0.2257877486873279, "s1_z": 0.002320173132624982, "s2_z": 0.01599172710789501, "lambda_1": 3051.976165094867, "lambda_2": 4870.801585182218, "d_L": 70.6419034207383, "t_c": 0.01421705366741513, "phase_c": 0.5239492755572773, "iota": 2.3671585355880755, "psi": 0.298209439266861, "ra": 4.0930450270691905, "dec": -0.06952771637325003, "gmst": 2.7288923786848907}