{"seed": 3119, "f_sampling": 4096, "duration": 128, "post_trigger_duration": 2, "trigger_time": 1187008882.43, "fmin": 20, "fref": 20, "ifos": ["H1", "L1", "V1"], "outdir": "./outdir_TaylorF2_part3/injection_64/", "M_c": 1.2318896844728064, "q": 0.8585814946954398, "s1_z": 0.043148948331861295, "s2_z": 0.043770729288595836, "lambda_1": 1163.4176133908386, "lambda_2": 2216.1383266384937, "d_L": 62.98381255458229, "t_c": -0.011724844472313298, "phase_c": 0.6912683761822256, "cos_iota": -0.4308351631703755, "psi": 0.975433879254994, "ra": 6.20428812749237, "sin_dec": 0.649370894402058}