{"M_c": 1.2318896844728064, "eta": 0.24855259763887977, "s1_z": 0.043148948331861295, "s2_z": 0.043770729288595836, "lambda_1": 1163.4176133908386, "lambda_2": 2216.1383266384937, "d_L": 62.98381255458229, "t_c": -0.011724844472313298, "phase_c": 0.6912683761822256, "iota": 2.0162143591829578, "psi": 0.975433879254994, "ra": 6.20428812749237, "dec": 0.706756887325647, "gmst": 2.7288923786848907}