{"seed": 1788, "f_sampling": 4096, "duration": 128, "post_trigger_duration": 2, "trigger_time": 1187008882.43, "fmin": 20, "fref": 20, "ifos": ["H1", "L1", "V1"], "outdir": "./outdir_TaylorF2_part3/injection_80/", "M_c": 1.9063181988046525, "q": 0.6299516587443257, "s1_z": 0.011519110474380603, "s2_z": 0.024112115835223463, "lambda_1": 4067.387428223637, "lambda_2": 67.66749518264837, "d_L": 42.304805468881334, "t_c": -0.0470456592709084, "phase_c": 4.822006497991896, "cos_iota": -0.24057537269270224, "psi": 2.994043092030822, "ra": 1.597592696682115, "sin_dec": -0.9196097095226674}