{"M_c": 1.9063181988046525, "eta": 0.2371143157915196, "s1_z": 0.011519110474380603, "s2_z": 0.024112115835223463, "lambda_1": 4067.387428223637, "lambda_2": 67.66749518264837, "d_L": 42.304805468881334, "t_c": -0.0470456592709084, "phase_c": 4.822006497991896, "iota": 1.8137549167682334, "psi": 2.994043092030822, "ra": 1.597592696682115, "dec": -1.1670857999451867, "gmst": 2.7288923786848907}