{"seed": 6863, "f_sampling": 4096, "duration": 128, "post_trigger_duration": 2, "trigger_time": 1187008882.43, "fmin": 20, "fref": 20, "ifos": ["H1", "L1", "V1"], "outdir": "./outdir_TaylorF2_part3/injection_21/", "M_c": 0.9914995381550659, "q": 0.6496528348476336, "s1_z": 0.018246181402737885, "s2_z": 0.013195763569583754, "lambda_1": 3177.557026197579, "lambda_2": 41.06716911465469, "d_L": 113.54295400773981, "t_c": 0.06947075665921268, "phase_c": 4.155353519228204, "cos_iota": -0.5179196009876232, "psi": 0.7158740437528259, "ra": 0.6685367954728166, "sin_dec": 0.5896481079205589}