{"M_c": 0.9914995381550659, "eta": 0.23872407681226387, "s1_z": 0.018246181402737885, "s2_z": 0.013195763569583754, "lambda_1": 3177.557026197579, "lambda_2": 41.06716911465469, "d_L": 113.54295400773981, "t_c": 0.06947075665921268, "phase_c": 4.155353519228204, "iota": 2.1152134878458257, "psi": 0.7158740437528259, "ra": 0.6685367954728166, "dec": 0.6306230782572263, "gmst": 2.7288923786848907}