{"seed": 4615, "f_sampling": 4096, "duration": 128, "post_trigger_duration": 2, "trigger_time": 1187008882.43, "fmin": 20, "fref": 20, "ifos": ["H1", "L1", "V1"], "outdir": "./outdir_NRTv2_ref_wf_no_taper/injection_24/", "M_c": 1.0651077819893184, "q": 0.9954713052564141, "s1_z": -0.03762559996431265, "s2_z": 0.016235907843328165, "lambda_1": 2723.539570572276, "lambda_2": 4544.119126666069, "d_L": 66.32031517153557, "t_c": 0.02389877937172355, "phase_c": 0.6338322549097021, "cos_iota": 0.5790791700660074, "psi": 0.9721681204580582, "ra": 1.1744990342920845, "sin_dec": 0.10462124746757806}