{"M_c": 1.0651077819893184, "eta": 0.24999871235800955, "s1_z": -0.03762559996431265, "s2_z": 0.016235907843328165, "lambda_1": 2723.539570572276, "lambda_2": 4544.119126666069, "d_L": 66.32031517153557, "t_c": 0.02389877937172355, "phase_c": 0.6338322549097021, "iota": 0.953197566468674, "psi": 0.9721681204580582, "ra": 1.1744990342920845, "dec": 0.10481305085845058, "gmst": 2.7288923786848907}