{"seed": 3076, "f_sampling": 4096, "duration": 128, "post_trigger_duration": 2, "trigger_time": 1187008882.43, "fmin": 20, "fref": 20, "ifos": ["H1", "L1", "V1"], "outdir": "./outdir_NRTv2_ref_wf_no_taper/injection_76/", "M_c": 1.516284441591187, "q": 0.98195554835276, "s1_z": -0.004556363416412669, "s2_z": 0.03966568793348271, "lambda_1": 1934.403410083531, "lambda_2": 2036.9554048979655, "d_L": 69.70862500103371, "t_c": 0.08441348192540046, "phase_c": 4.78284116580201, "cos_iota": -0.31867785268559, "psi": 1.524597531084061, "ra": 5.788745800626267, "sin_dec": 0.33168817805175843}