{"M_c": 1.516284441591187, "eta": 0.24997927762318345, "s1_z": -0.004556363416412669, "s2_z": 0.03966568793348271, "lambda_1": 1934.403410083531, "lambda_2": 2036.9554048979655, "d_L": 69.70862500103371, "t_c": 0.08441348192540046, "phase_c": 4.78284116580201, "iota": 1.8951306147915248, "psi": 1.524597531084061, "ra": 5.788745800626267, "dec": 0.3380924958134862, "gmst": 2.7288923786848907}