{"seed": 8634, "f_sampling": 4096, "duration": 128, "post_trigger_duration": 2, "trigger_time": 1187008882.43, "fmin": 20, "fref": 20, "ifos": ["H1", "L1", "V1"], "outdir": "./outdir/injection_27/", "M_c": 2.5991173768878473, "q": 0.9989215095732187, "s1_z": 0.015104326077528693, "s2_z": 0.0022739236294688353, "lambda_1": 230.60093877822484, "lambda_2": 1641.3100891582171, "d_L": 43.31120972318321, "t_c": -0.026713920570547736, "phase_c": 5.794438825628537, "cos_iota": -0.9263741315957148, "psi": 2.246071820630795, "ra": 5.257744329090608, "sin_dec": 0.9481945879958338}