{"M_c": 2.5991173768878473, "eta": 0.24999992722518416, "s1_z": 0.015104326077528693, "s2_z": 0.0022739236294688353, "lambda_1": 230.60093877822484, "lambda_2": 1641.3100891582171, "d_L": 43.31120972318321, "t_c": -0.026713920570547736, "phase_c": 5.794438825628537, "iota": 2.755464438936528, "psi": 2.246071820630795, "ra": 5.257744329090608, "dec": 1.2475039009497468, "gmst": 2.7288923786848907}