{"seed": 3149, "f_sampling": 4096, "duration": 128, "post_trigger_duration": 2, "trigger_time": 1187008882.43, "fmin": 20, "fref": 20, "ifos": ["H1", "L1", "V1"], "outdir": "./outdir/injection_13/", "M_c": 2.456015151608346, "q": 0.9819583698071426, "s1_z": -0.03523912147587867, "s2_z": 0.0005709770513036005, "lambda_1": 4484.451341819224, "lambda_2": 3407.038453936234, "d_L": 145.30245755199417, "t_c": -0.07713146476169569, "phase_c": 1.2453840450350735, "cos_iota": -0.6617955555217723, "psi": 2.8163289866707006, "ra": 1.4130890212110092, "sin_dec": -0.12243886139068727}