{"M_c": 2.456015151608346, "eta": 0.24997928416201443, "s1_z": -0.03523912147587867, "s2_z": 0.0005709770513036005, "lambda_1": 4484.451341819224, "lambda_2": 3407.038453936234, "d_L": 145.30245755199417, "t_c": -0.07713146476169569, "phase_c": 1.2453840450350735, "iota": 2.29400764532785, "psi": 2.8163289866707006, "ra": 1.4130890212110092, "dec": -0.12274686285156036, "gmst": 2.7288923786848907}