{"seed": 5636, "f_sampling": 4096, "duration": 128, "post_trigger_duration": 2, "trigger_time": 1187008882.43, "fmin": 20, "fref": 20, "ifos": ["H1", "L1", "V1"], "outdir": "./outdir_NRTv2_ref_wf_no_taper/injection_99/", "M_c": 2.3886569107204254, "q": 0.5265869962470473, "s1_z": -0.01813935583403875, "s2_z": 0.04118433571752761, "lambda_1": 4235.0977660353565, "lambda_2": 892.3937087018746, "d_L": 53.48832292591108, "t_c": 0.014881043519246392, "phase_c": 5.401050150894189, "cos_iota": 0.9054527427363377, "psi": 0.875098240264279, "ra": 3.1468864454965324, "sin_dec": 0.8853460583720083}