{"M_c": 2.3886569107204254, "eta": 0.22595763105693858, "s1_z": -0.01813935583403875, "s2_z": 0.04118433571752761, "lambda_1": 4235.0977660353565, "lambda_2": 892.3937087018746, "d_L": 53.48832292591108, "t_c": 0.014881043519246392, "phase_c": 5.401050150894189, "iota": 0.4383511513561542, "psi": 0.875098240264279, "ra": 3.1468864454965324, "dec": 1.0872378037567132, "gmst": 2.7288923786848907}