{"seed": 8401, "f_sampling": 4096, "duration": 128, "post_trigger_duration": 2, "trigger_time": 1187008882.43, "fmin": 20, "fref": 20, "ifos": ["H1", "L1", "V1"], "outdir": "./outdir_NRTv2_ref_wf_no_taper/injection_66/", "M_c": 1.915493502118401, "q": 0.9574589789070025, "s1_z": -0.035195779851682076, "s2_z": -0.017350333440015298, "lambda_1": 2791.949247575855, "lambda_2": 1078.3908546548244, "d_L": 176.1609585503474, "t_c": 0.032642895145124834, "phase_c": 2.4636372701085345, "cos_iota": -0.258488402977745, "psi": 2.4273124214114055, "ra": 2.069078165551768, "sin_dec": 0.9586998777302287}