{"M_c": 1.915493502118401, "eta": 0.2498819215919864, "s1_z": -0.035195779851682076, "s2_z": -0.017350333440015298, "lambda_1": 2791.949247575855, "lambda_2": 1078.3908546548244, "d_L": 176.1609585503474, "t_c": 0.032642895145124834, "phase_c": 2.4636372701085345, "iota": 1.832253424368153, "psi": 2.4273124214114055, "ra": 2.069078165551768, "dec": 1.2823952910154472, "gmst": 2.7288923786848907}