{"seed": 5034, "f_sampling": 4096, "duration": 128, "post_trigger_duration": 2, "trigger_time": 1187008882.43, "fmin": 20, "fref": 20, "ifos": ["H1", "L1", "V1"], "outdir": "./outdir_TaylorF2_part3/injection_84/", "M_c": 1.952822631932467, "q": 0.9976081019743506, "s1_z": 0.005585686591339976, "s2_z": 0.03966481663942177, "lambda_1": 4173.123932325951, "lambda_2": 4067.8109327528946, "d_L": 71.0816603418202, "t_c": -0.005383703111400878, "phase_c": 2.983349310261091, "cos_iota": 0.18483648440383904, "psi": 0.33559434401623345, "ra": 4.922707683802243, "sin_dec": -0.7014300230311119}