{"M_c": 1.952822631932467, "eta": 0.24999964156967355, "s1_z": 0.005585686591339976, "s2_z": 0.03966481663942177, "lambda_1": 4173.123932325951, "lambda_2": 4067.8109327528946, "d_L": 71.0816603418202, "t_c": -0.005383703111400878, "phase_c": 2.983349310261091, "iota": 1.3848908495528929, "psi": 0.33559434401623345, "ra": 4.922707683802243, "dec": -0.7774018997559305, "gmst": 2.7288923786848907}