{"seed": 6528, "f_sampling": 4096, "duration": 128, "post_trigger_duration": 2, "trigger_time": 1187008882.43, "fmin": 20, "fref": 20, "ifos": ["H1", "L1", "V1"], "outdir": "./outdir_NRTv2_ref_wf_no_taper/injection_19/", "M_c": 1.638850183041756, "q": 0.5339565770029184, "s1_z": 0.04926234409878695, "s2_z": -0.010092624335437339, "lambda_1": 1721.712096787012, "lambda_2": 1081.9817594553217, "d_L": 144.41318513912532, "t_c": -0.05679365029614716, "phase_c": 2.8425073069211106, "cos_iota": 0.6972620510662193, "psi": 2.683690172162612, "ra": 3.2803271641296075, "sin_dec": -0.2501102294002222}