{"M_c": 1.638850183041756, "eta": 0.2269236751602135, "s1_z": 0.04926234409878695, "s2_z": -0.010092624335437339, "lambda_1": 1721.712096787012, "lambda_2": 1081.9817594553217, "d_L": 144.41318513912532, "t_c": -0.05679365029614716, "phase_c": 2.8425073069211106, "iota": 0.799225557975755, "psi": 2.683690172162612, "ra": 3.2803271641296075, "dec": -0.25279410125059376, "gmst": 2.7288923786848907}