{"seed": 7432, "f_sampling": 4096, "duration": 128, "post_trigger_duration": 2, "trigger_time": 1187008882.43, "fmin": 20, "fref": 20, "ifos": ["H1", "L1", "V1"], "outdir": "./outdir_TaylorF2_part3/injection_25/", "M_c": 1.2403411551474, "q": 0.8740949793262622, "s1_z": 0.04036558919970723, "s2_z": -0.011696498653607987, "lambda_1": 2775.81410119644, "lambda_2": 4810.010898927511, "d_L": 49.34853814263078, "t_c": -0.01881087582778329, "phase_c": 5.975359002019196, "cos_iota": -0.1125506686440616, "psi": 2.0667881606512735, "ra": 5.933442416558987, "sin_dec": -0.6140361682106468}