{"M_c": 1.2403411551474, "eta": 0.2488716523944705, "s1_z": 0.04036558919970723, "s2_z": -0.011696498653607987, "lambda_1": 2775.81410119644, "lambda_2": 4810.010898927511, "d_L": 49.34853814263078, "t_c": -0.01881087582778329, "phase_c": 5.975359002019196, "iota": 1.6835859857817628, "psi": 2.0667881606512735, "ra": 5.933442416558987, "dec": -0.6611642291235118, "gmst": 2.7288923786848907}