{"seed": 3205, "f_sampling": 4096, "duration": 128, "post_trigger_duration": 2, "trigger_time": 1187008882.43, "fmin": 20, "fref": 20, "ifos": ["H1", "L1", "V1"], "outdir": "./outdir_TaylorF2_part3/injection_68/", "M_c": 1.2039227555787102, "q": 0.6610051157418834, "s1_z": -0.032576864802522185, "s2_z": 0.0029055371943586747, "lambda_1": 1492.4095998467262, "lambda_2": 1454.5511065897538, "d_L": 105.1163050010284, "t_c": -0.09295577127667738, "phase_c": 1.6953966078663023, "cos_iota": 0.07510761303315738, "psi": 1.8064799372151055, "ra": 1.2109461446316114, "sin_dec": 0.5310528334653875}