{"M_c": 1.2039227555787102, "eta": 0.2395867964610475, "s1_z": -0.032576864802522185, "s2_z": 0.0029055371943586747, "lambda_1": 1492.4095998467262, "lambda_2": 1454.5511065897538, "d_L": 105.1163050010284, "t_c": -0.09295577127667738, "phase_c": 1.6953966078663023, "iota": 1.495617918302324, "psi": 1.8064799372151055, "ra": 1.2109461446316114, "dec": 0.5598426000925629, "gmst": 2.7288923786848907}