{"seed": 5949, "f_sampling": 4096, "duration": 128, "post_trigger_duration": 2, "trigger_time": 1187008882.43, "fmin": 20, "fref": 20, "ifos": ["H1", "L1", "V1"], "outdir": "./outdir_NRTv2_new_taper/injection_9/", "M_c": 1.8301946599728875, "q": 0.6695649913357817, "s1_z": 0.04187799496974788, "s2_z": -0.0001862961636047364, "lambda_1": 1050.882585193354, "lambda_2": 771.2785984290982, "d_L": 263.62116427982124, "t_c": -0.05099747744649866, "phase_c": 4.665266755234306, "cos_iota": 0.9108448430117724, "psi": 2.5046965325920114, "ra": 5.6166112684396134, "sin_dec": 0.8588803384604509}