{"M_c": 1.8301946599728875, "eta": 0.24020723221330081, "s1_z": 0.04187799496974788, "s2_z": -0.0001862961636047364, "lambda_1": 1050.882585193354, "lambda_2": 771.2785984290982, "d_L": 263.62116427982124, "t_c": -0.05099747744649866, "phase_c": 4.665266755234306, "iota": 0.425469996505746, "psi": 2.5046965325920114, "ra": 5.6166112684396134, "dec": 1.0330795627943237, "gmst": 2.7288923786848907}