{"seed": 1070, "f_sampling": 4096, "duration": 128, "post_trigger_duration": 2, "trigger_time": 1187008882.43, "fmin": 20, "fref": 20, "ifos": ["H1", "L1", "V1"], "outdir": "./outdir_TaylorF2_part3/injection_81/", "M_c": 2.153916194912785, "q": 0.996358455073346, "s1_z": 0.04241018266316503, "s2_z": -0.04470068922648837, "lambda_1": 1249.0195788069464, "lambda_2": 2178.878114801992, "d_L": 131.75212021810407, "t_c": -0.039559908863207975, "phase_c": 0.168460284414457, "cos_iota": -0.40165739412396495, "psi": 2.3800026339698976, "ra": 0.9044600371363819, "sin_dec": 0.9043353898278954}