{"M_c": 2.153916194912785, "eta": 0.24999916817052248, "s1_z": 0.04241018266316503, "s2_z": -0.04470068922648837, "lambda_1": 1249.0195788069464, "lambda_2": 2178.878114801992, "d_L": 131.75212021810407, "t_c": -0.039559908863207975, "phase_c": 0.168460284414457, "iota": 1.984122253271465, "psi": 2.3800026339698976, "ra": 0.9044600371363819, "dec": 1.1298200324855343, "gmst": 2.7288923786848907}