{"seed": 4418, "f_sampling": 4096, "duration": 128, "post_trigger_duration": 2, "trigger_time": 1187008882.43, "fmin": 20, "fref": 20, "ifos": ["H1", "L1", "V1"], "outdir": "./outdir_TaylorF2_part3/injection_67/", "M_c": 2.237990937903499, "q": 0.6986648585094527, "s1_z": 0.01846565252335007, "s2_z": -0.022135541448720875, "lambda_1": 282.90641218457426, "lambda_2": 1198.1479670126455, "d_L": 248.46657023542483, "t_c": 0.07673628568679389, "phase_c": 1.7566563067081127, "cos_iota": 0.22197421995976985, "psi": 0.9230485729607776, "ra": 0.9319280600915945, "sin_dec": 0.6486417138163858}