{"M_c": 2.237990937903499, "eta": 0.24213272796452537, "s1_z": 0.01846565252335007, "s2_z": -0.022135541448720875, "lambda_1": 282.90641218457426, "lambda_2": 1198.1479670126455, "d_L": 248.46657023542483, "t_c": 0.07673628568679389, "phase_c": 1.7566563067081127, "iota": 1.3469575894505557, "psi": 0.9230485729607776, "ra": 0.9319280600915945, "dec": 0.7057984265730862, "gmst": 2.7288923786848907}