{"seed": 251, "f_sampling": 4096, "duration": 128, "post_trigger_duration": 2, "trigger_time": 1187008882.43, "fmin": 20, "fref": 20, "ifos": ["H1", "L1", "V1"], "outdir": "./outdir_NRTv2_ref_wf_no_taper/injection_83/", "M_c": 0.985203166058268, "q": 0.5649064978035195, "s1_z": -0.01219785112911833, "s2_z": 0.031544715325463255, "lambda_1": 2787.9560679265533, "lambda_2": 4343.845536769408, "d_L": 76.12986483861866, "t_c": -0.09782645714951416, "phase_c": 5.310489699126582, "cos_iota": 0.7435134233312177, "psi": 2.192708776447, "ra": 3.602459746282556, "sin_dec": 0.3431759966252983}