{"M_c": 0.985203166058268, "eta": 0.2306746033740242, "s1_z": -0.01219785112911833, "s2_z": 0.031544715325463255, "lambda_1": 2787.9560679265533, "lambda_2": 4343.845536769408, "d_L": 76.12986483861866, "t_c": -0.09782645714951416, "phase_c": 5.310489699126582, "iota": 0.7324872563512883, "psi": 2.192708776447, "ra": 3.602459746282556, "dec": 0.35029615956262683, "gmst": 2.7288923786848907}