{"seed": 5327, "f_sampling": 4096, "duration": 128, "post_trigger_duration": 2, "trigger_time": 1187008882.43, "fmin": 20, "fref": 20, "ifos": ["H1", "L1", "V1"], "outdir": "./outdir_NRTv2_ref_wf_no_taper/injection_23/", "M_c": 2.2876578570784893, "q": 0.9589749103173839, "s1_z": 0.015484592228303423, "s2_z": 0.030349992336077214, "lambda_1": 4369.019255811783, "lambda_2": 1705.64110038614, "d_L": 109.50101842191954, "t_c": 0.07536104502971414, "phase_c": 3.187391795261313, "cos_iota": 0.17935623970724657, "psi": 1.9684909367880576, "ra": 6.118434886051954, "sin_dec": -0.725130486187034}