{"M_c": 2.2876578570784893, "eta": 0.2498903568916056, "s1_z": 0.015484592228303423, "s2_z": 0.030349992336077214, "lambda_1": 4369.019255811783, "lambda_2": 1705.64110038614, "d_L": 109.50101842191954, "t_c": 0.07536104502971414, "phase_c": 3.187391795261313, "iota": 1.3904642860866852, "psi": 1.9684909367880576, "ra": 6.118434886051954, "dec": -0.811223867124559, "gmst": 2.7288923786848907}