{"seed": 5987, "f_sampling": 4096, "duration": 128, "post_trigger_duration": 2, "trigger_time": 1187008882.43, "fmin": 20, "fref": 20, "ifos": ["H1", "L1", "V1"], "outdir": "./outdir_TaylorF2_part3/injection_101/", "M_c": 1.7151437431779684, "q": 0.6662564530405071, "s1_z": 0.02654378723546995, "s2_z": -0.048667251486841694, "lambda_1": 4554.723922755438, "lambda_2": 3634.091765799343, "d_L": 118.52159572085283, "t_c": -0.05702612149280182, "phase_c": 1.9203446155429902, "cos_iota": -0.5472876288699196, "psi": 2.4220168144599072, "ra": 2.69121522437212, "sin_dec": 0.18343020358711004}