{"M_c": 1.7151437431779684, "eta": 0.23997043552842967, "s1_z": 0.02654378723546995, "s2_z": -0.048667251486841694, "lambda_1": 4554.723922755438, "lambda_2": 3634.091765799343, "d_L": 118.52159572085283, "t_c": -0.05702612149280182, "phase_c": 1.9203446155429902, "iota": 2.1499163164116784, "psi": 2.4220168144599072, "ra": 2.69121522437212, "dec": 0.18447473237622533, "gmst": 2.7288923786848907}