{"seed": 1377, "f_sampling": 4096, "duration": 128, "post_trigger_duration": 2, "trigger_time": 1187008882.43, "fmin": 20, "fref": 20, "ifos": ["H1", "L1", "V1"], "outdir": "./outdir_TaylorF2_part3/injection_2/", "M_c": 1.622001337288733, "q": 0.8023868422839411, "s1_z": -0.0069606662990172735, "s2_z": -0.03596279073076896, "lambda_1": 3444.1031843382393, "lambda_2": 3980.206364882401, "d_L": 164.01671353966037, "t_c": -0.07106224005115742, "phase_c": 1.5622415825436504, "cos_iota": -0.7345476190033478, "psi": 2.945814796947732, "ra": 3.716808184631591, "sin_dec": -0.8075771250509816}