{"M_c": 1.622001337288733, "eta": 0.24699478389256047, "s1_z": -0.0069606662990172735, "s2_z": -0.03596279073076896, "lambda_1": 3444.1031843382393, "lambda_2": 3980.206364882401, "d_L": 164.01671353966037, "t_c": -0.07106224005115742, "phase_c": 1.5622415825436504, "iota": 2.3957960862208285, "psi": 2.945814796947732, "ra": 3.716808184631591, "dec": -0.9400322574640599, "gmst": 2.7288923786848907}