{"seed": 4802, "f_sampling": 4096, "duration": 128, "post_trigger_duration": 2, "trigger_time": 1187008882.43, "fmin": 20, "fref": 20, "ifos": ["H1", "L1", "V1"], "outdir": "./outdir_TaylorF2_part3/injection_61/", "M_c": 2.284056698165188, "q": 0.5433637803220888, "s1_z": 0.04313988027633975, "s2_z": 0.046192312905917784, "lambda_1": 2967.2584710472643, "lambda_2": 1478.3359352496227, "d_L": 59.5670073205173, "t_c": -0.01667021458989011, "phase_c": 2.2883525726136136, "cos_iota": -0.7329735986963015, "psi": 2.765980349089227, "ra": 1.0728624400580582, "sin_dec": -0.565988319193502}