{"M_c": 2.284056698165188, "eta": 0.2281151228613943, "s1_z": 0.04313988027633975, "s2_z": 0.046192312905917784, "lambda_1": 2967.2584710472643, "lambda_2": 1478.3359352496227, "d_L": 59.5670073205173, "t_c": -0.01667021458989011, "phase_c": 2.2883525726136136, "iota": 2.39347933155383, "psi": 2.765980349089227, "ra": 1.0728624400580582, "dec": -0.6016315762001561, "gmst": 2.7288923786848907}