{"seed": 2176, "f_sampling": 4096, "duration": 128, "post_trigger_duration": 2, "trigger_time": 1187008882.43, "fmin": 20, "fref": 20, "ifos": ["H1", "L1", "V1"], "outdir": "./outdir_NRTv2_ref_wf_no_taper/injection_18/", "M_c": 1.534084292923473, "q": 0.8651307658147718, "s1_z": 0.03015108740407449, "s2_z": 0.012101432474975624, "lambda_1": 4728.304729282464, "lambda_2": 4838.952898758992, "d_L": 106.42623001697484, "t_c": -0.017053782150398905, "phase_c": 2.930090170434198, "cos_iota": -0.9299582492883587, "psi": 1.5249594716626247, "ra": 4.354880263644545, "sin_dec": 0.6048723447613369}