{"M_c": 1.534084292923473, "eta": 0.2486927844066482, "s1_z": 0.03015108740407449, "s2_z": 0.012101432474975624, "lambda_1": 4728.304729282464, "lambda_2": 4838.952898758992, "d_L": 106.42623001697484, "t_c": -0.017053782150398905, "phase_c": 2.930090170434198, "iota": 2.7650955986078958, "psi": 1.5249594716626247, "ra": 4.354880263644545, "dec": 0.6496055516980692, "gmst": 2.7288923786848907}