{"seed": 9645, "f_sampling": 4096, "duration": 128, "post_trigger_duration": 2, "trigger_time": 1187008882.43, "fmin": 20, "fref": 20, "ifos": ["H1", "L1", "V1"], "outdir": "./outdir/injection_6/", "M_c": 2.586024021568551, "q": 0.6699203497154811, "s1_z": -0.02686721300100733, "s2_z": -0.020301499661013824, "lambda_1": 3922.8986845731765, "lambda_2": 663.0049032221813, "d_L": 81.07088228690372, "t_c": 0.053088174799252985, "phase_c": 1.6188106767128871, "cos_iota": 0.5248226116085781, "psi": 0.7675822108552735, "ra": 0.11546246493324074, "sin_dec": 0.1366760512971925}