{"M_c": 2.586024021568551, "eta": 0.24023244207267896, "s1_z": -0.02686721300100733, "s2_z": -0.020301499661013824, "lambda_1": 3922.8986845731765, "lambda_2": 663.0049032221813, "d_L": 81.07088228690372, "t_c": 0.053088174799252985, "phase_c": 1.6188106767128871, "iota": 1.0182896222602327, "psi": 0.7675822108552735, "ra": 0.11546246493324074, "dec": 0.13710519454007253, "gmst": 2.7288923786848907}