{"seed": 6226, "f_sampling": 4096, "duration": 128, "post_trigger_duration": 2, "trigger_time": 1187008882.43, "fmin": 20, "fref": 20, "ifos": ["H1", "L1", "V1"], "outdir": "./outdir_NRTv2_ref_wf_no_taper/injection_103/", "M_c": 1.463577650828881, "q": 0.7861669716221249, "s1_z": 0.01112280598590322, "s2_z": -0.024421804297910268, "lambda_1": 2935.0754290371674, "lambda_2": 2856.025670843206, "d_L": 221.20604380970497, "t_c": 0.08809772749561393, "phase_c": 0.6174313997489047, "cos_iota": -0.7561465837021226, "psi": 1.4501224490599316, "ra": 2.9666605257424497, "sin_dec": -0.8591950587257808}