{"M_c": 1.463577650828881, "eta": 0.24641701101553432, "s1_z": 0.01112280598590322, "s2_z": -0.024421804297910268, "lambda_1": 2935.0754290371674, "lambda_2": 2856.025670843206, "d_L": 221.20604380970497, "t_c": 0.08809772749561393, "phase_c": 0.6174313997489047, "iota": 2.428200785538179, "psi": 1.4501224490599316, "ra": 2.9666605257424497, "dec": -1.0336943561767868, "gmst": 2.7288923786848907}