{"seed": 620, "f_sampling": 4096, "duration": 128, "post_trigger_duration": 2, "trigger_time": 1187008882.43, "fmin": 20, "fref": 20, "ifos": ["H1", "L1", "V1"], "outdir": "./outdir_NRTv2_ref_wf_no_taper/injection_20/", "M_c": 1.5028125876551712, "q": 0.7956961732153347, "s1_z": -0.03950911999588195, "s2_z": -0.04675992464790127, "lambda_1": 4614.770797937457, "lambda_2": 2002.070693320116, "d_L": 134.43840322302486, "t_c": 0.042368112333676156, "phase_c": 2.3488634123763057, "cos_iota": -0.5989726497660715, "psi": 0.9344168591847742, "ra": 2.360312781127281, "sin_dec": -0.8639177901224011}