{"M_c": 1.5028125876551712, "eta": 0.24676386003207434, "s1_z": -0.03950911999588195, "s2_z": -0.04675992464790127, "lambda_1": 4614.770797937457, "lambda_2": 2002.070693320116, "d_L": 134.43840322302486, "t_c": 0.042368112333676156, "phase_c": 2.3488634123763057, "iota": 2.2130138652755074, "psi": 0.9344168591847742, "ra": 2.360312781127281, "dec": -1.0429975879233526, "gmst": 2.7288923786848907}