{"seed": 9791, "f_sampling": 4096, "duration": 128, "post_trigger_duration": 2, "trigger_time": 1187008882.43, "fmin": 20, "fref": 20, "ifos": ["H1", "L1", "V1"], "outdir": "./outdir_TaylorF2_part3/injection_96/", "M_c": 2.1739197603286, "q": 0.6125272270245258, "s1_z": -0.023788275385072444, "s2_z": -0.027991242179445177, "lambda_1": 1491.4967589299067, "lambda_2": 2394.5839827413797, "d_L": 139.76235892523562, "t_c": 0.02844919037881516, "phase_c": 5.330685639795153, "cos_iota": -0.6499661342790004, "psi": 1.7078880407995662, "ra": 5.329299557634681, "sin_dec": -0.02463054357902883}