{"M_c": 2.1739197603286, "eta": 0.23556528286821465, "s1_z": -0.023788275385072444, "s2_z": -0.027991242179445177, "lambda_1": 1491.4967589299067, "lambda_2": 2394.5839827413797, "d_L": 139.76235892523562, "t_c": 0.02844919037881516, "phase_c": 5.330685639795153, "iota": 2.2783362003524688, "psi": 1.7078880407995662, "ra": 5.329299557634681, "dec": -0.02463303466850853, "gmst": 2.7288923786848907}