{"seed": 9508, "f_sampling": 4096, "duration": 128, "post_trigger_duration": 2, "trigger_time": 1187008882.43, "fmin": 20, "fref": 20, "ifos": ["H1", "L1", "V1"], "outdir": "./outdir/injection_10/", "M_c": 1.4499744641922132, "q": 0.7758341213602564, "s1_z": -0.036441832727664596, "s2_z": 0.003338684304217389, "lambda_1": 1197.6230918826802, "lambda_2": 5.412714510135697, "d_L": 292.3388956894097, "t_c": -0.025669006874689468, "phase_c": 2.9924281770768277, "cos_iota": 0.9136294716518096, "psi": 1.3176588737397448, "ra": 0.09129009668989657, "sin_dec": 0.12880970916535905}