{"M_c": 1.4499744641922132, "eta": 0.24601641369735913, "s1_z": -0.036441832727664596, "s2_z": 0.003338684304217389, "lambda_1": 1197.6230918826802, "lambda_2": 5.412714510135697, "d_L": 292.3388956894097, "t_c": -0.025669006874689468, "phase_c": 2.9924281770768277, "iota": 0.4186724162576525, "psi": 1.3176588737397448, "ra": 0.09129009668989657, "dec": 0.12916859577718687, "gmst": 2.7288923786848907}