{"seed": 881, "f_sampling": 4096, "duration": 128, "post_trigger_duration": 2, "trigger_time": 1187008882.43, "fmin": 20, "fref": 20, "ifos": ["H1", "L1", "V1"], "outdir": "./outdir/injection_30/", "M_c": 2.191171885536024, "q": 0.9467644747502156, "s1_z": -0.011774203095723232, "s2_z": 0.03685737276998051, "lambda_1": 3548.343361337601, "lambda_2": 3804.4177632025044, "d_L": 285.0782367402877, "t_c": -0.09951565284303664, "phase_c": 0.9006448502784768, "cos_iota": 0.8897797482014129, "psi": 2.764632181823644, "ra": 2.049562001982617, "sin_dec": -0.7099295054670867}