{"M_c": 2.191171885536024, "eta": 0.24981305395982714, "s1_z": -0.011774203095723232, "s2_z": 0.03685737276998051, "lambda_1": 3548.343361337601, "lambda_2": 3804.4177632025044, "d_L": 285.0782367402877, "t_c": -0.09951565284303664, "phase_c": 0.9006448502784768, "iota": 0.47393397992420194, "psi": 2.764632181823644, "ra": 2.049562001982617, "dec": -0.7893981087949734, "gmst": 2.7288923786848907}