{"seed": 1195, "f_sampling": 4096, "duration": 128, "post_trigger_duration": 2, "trigger_time": 1187008882.43, "fmin": 20, "fref": 20, "ifos": ["H1", "L1", "V1"], "outdir": "./outdir_NRTv2_new_taper/injection_7/", "M_c": 0.892959337677831, "q": 0.9853009825398329, "s1_z": -0.014623287648234541, "s2_z": -0.00580944556956163, "lambda_1": 1714.0016923625162, "lambda_2": 4259.693138068031, "d_L": 138.59082378107198, "t_c": -0.02639499673814527, "phase_c": 3.3187743329297925, "cos_iota": -0.9285735296817899, "psi": 1.553456121817539, "ra": 2.7098284658892147, "sin_dec": -0.9150902123209892}