{"M_c": 0.892959337677831, "eta": 0.2499862954775961, "s1_z": -0.014623287648234541, "s2_z": -0.00580944556956163, "lambda_1": 1714.0016923625162, "lambda_2": 4259.693138068031, "d_L": 138.59082378107198, "t_c": -0.02639499673814527, "phase_c": 3.3187743329297925, "iota": 2.761347107961235, "psi": 1.553456121817539, "ra": 2.7098284658892147, "dec": -1.1557315775206833, "gmst": 2.7288923786848907}