{"seed": 3213, "f_sampling": 4096, "duration": 128, "post_trigger_duration": 2, "trigger_time": 1187008882.43, "fmin": 20, "fref": 20, "ifos": ["H1", "L1", "V1"], "outdir": "./outdir_TaylorF2_part3/injection_36/", "M_c": 1.8329413747387497, "q": 0.7311088059451345, "s1_z": 0.03512347356014915, "s2_z": -0.03869750800356238, "lambda_1": 2976.9754784943666, "lambda_2": 2245.080408424317, "d_L": 262.65698142406615, "t_c": 0.03344049125732801, "phase_c": 1.427840725283817, "cos_iota": -0.9461366403518356, "psi": 0.6095751739304427, "ra": 1.3118865213236723, "sin_dec": 0.6253592484586497}