{"M_c": 1.8329413747387497, "eta": 0.24396823466665069, "s1_z": 0.03512347356014915, "s2_z": -0.03869750800356238, "lambda_1": 2976.9754784943666, "lambda_2": 2245.080408424317, "d_L": 262.65698142406615, "t_c": 0.03344049125732801, "phase_c": 1.427840725283817, "iota": 2.8118837782453023, "psi": 0.6095751739304427, "ra": 1.3118865213236723, "dec": 0.6755918241078748, "gmst": 2.7288923786848907}