{"seed": 8000, "f_sampling": 4096, "duration": 128, "post_trigger_duration": 2, "trigger_time": 1187008882.43, "fmin": 20, "fref": 20, "ifos": ["H1", "L1", "V1"], "outdir": "./outdir_NRTv2_ref_wf_no_taper/injection_82/", "M_c": 1.777543095407546, "q": 0.6315208718397531, "s1_z": -0.010478539203498373, "s2_z": -0.0021477973805602915, "lambda_1": 532.4646859936954, "lambda_2": 264.00489768078296, "d_L": 188.08200541200702, "t_c": 0.03587580219142705, "phase_c": 1.9447611503760354, "cos_iota": 0.639422328281549, "psi": 0.3556447133804735, "ra": 2.904962042710263, "sin_dec": -0.3194234340170894}