{"M_c": 1.777543095407546, "eta": 0.23724793473650807, "s1_z": -0.010478539203498373, "s2_z": -0.0021477973805602915, "lambda_1": 532.4646859936954, "lambda_2": 264.00489768078296, "d_L": 188.08200541200702, "t_c": 0.03587580219142705, "phase_c": 1.9447611503760354, "iota": 0.8770496357055533, "psi": 0.3556447133804735, "ra": 2.904962042710263, "dec": -0.3251209839174402, "gmst": 2.7288923786848907}