{"seed": 6311, "f_sampling": 4096, "duration": 128, "post_trigger_duration": 2, "trigger_time": 1187008882.43, "fmin": 20, "fref": 20, "ifos": ["H1", "L1", "V1"], "outdir": "./outdir/injection_28/", "M_c": 2.1198496804916807, "q": 0.8013659467060604, "s1_z": 0.03172732314452004, "s2_z": 0.014152326364493512, "lambda_1": 3091.5746927429427, "lambda_2": 324.7292208016078, "d_L": 83.14333029919928, "t_c": -0.09261870782112938, "phase_c": 3.335961399912563, "cos_iota": 0.6960061909962516, "psi": 1.6708803315199094, "ra": 1.0375628865387854, "sin_dec": 0.3931142676234334}