{"M_c": 2.1198496804916807, "eta": 0.24696021042459376, "s1_z": 0.03172732314452004, "s2_z": 0.014152326364493512, "lambda_1": 3091.5746927429427, "lambda_2": 324.7292208016078, "d_L": 83.14333029919928, "t_c": -0.09261870782112938, "phase_c": 3.335961399912563, "iota": 0.8009760655737999, "psi": 1.6708803315199094, "ra": 1.0375628865387854, "dec": 0.40401610290601486, "gmst": 2.7288923786848907}