{"seed": 6996, "f_sampling": 4096, "duration": 128, "post_trigger_duration": 2, "trigger_time": 1187008882.43, "fmin": 20, "fref": 20, "ifos": ["H1", "L1", "V1"], "outdir": "./outdir/injection_9/", "M_c": 1.8139514453754064, "q": 0.5661995669013815, "s1_z": -0.0017381319772096782, "s2_z": -0.046540219295136964, "lambda_1": 4285.500907824047, "lambda_2": 4293.644351985365, "d_L": 224.93825429686376, "t_c": 0.09556097168751615, "phase_c": 3.20471630003362, "cos_iota": -0.7647105589821406, "psi": 1.4638230024457586, "ra": 4.453487169885435, "sin_dec": -0.3952707619860565}