{"M_c": 1.8139514453754064, "eta": 0.23082100825879343, "s1_z": -0.0017381319772096782, "s2_z": -0.046540219295136964, "lambda_1": 4285.500907824047, "lambda_2": 4293.644351985365, "d_L": 224.93825429686376, "t_c": 0.09556097168751615, "phase_c": 3.20471630003362, "iota": 2.441388355656789, "psi": 1.4638230024457586, "ra": 4.453487169885435, "dec": -0.4063625987584044, "gmst": 2.7288923786848907}