{"seed": 5682, "f_sampling": 4096, "duration": 128, "post_trigger_duration": 2, "trigger_time": 1187008882.43, "fmin": 20, "fref": 20, "ifos": ["H1", "L1", "V1"], "outdir": "./outdir_NRTv2_ref_wf_no_taper/injection_27/", "M_c": 2.534369486792855, "q": 0.9972010030446292, "s1_z": 0.01523460105208782, "s2_z": 0.03205073820456386, "lambda_1": 3340.6977565341126, "lambda_2": 1631.261824810391, "d_L": 85.29488819299587, "t_c": -0.04457003473583219, "phase_c": 1.285621153839813, "cos_iota": -0.3274761538917774, "psi": 1.1633903315944973, "ra": 2.2265503990052378, "sin_dec": 0.6557397533617841}