{"M_c": 2.534369486792855, "eta": 0.24999950897759424, "s1_z": 0.01523460105208782, "s2_z": 0.03205073820456386, "lambda_1": 3340.6977565341126, "lambda_2": 1631.261824810391, "d_L": 85.29488819299587, "t_c": -0.04457003473583219, "phase_c": 1.285621153839813, "iota": 1.9044275272596707, "psi": 1.1633903315944973, "ra": 2.2265503990052378, "dec": 0.7151620267065711, "gmst": 2.7288923786848907}