{"seed": 7080, "f_sampling": 4096, "duration": 128, "post_trigger_duration": 2, "trigger_time": 1187008882.43, "fmin": 20, "fref": 20, "ifos": ["H1", "L1", "V1"], "outdir": "./outdir_TaylorF2_part3/injection_41/", "M_c": 2.2261394768604523, "q": 0.8263867666666215, "s1_z": -0.03349097130630237, "s2_z": -0.04112050020888174, "lambda_1": 3473.6645805420353, "lambda_2": 3292.3589753689876, "d_L": 80.53459354893806, "t_c": 0.062275761679591535, "phase_c": 3.764189376164924, "cos_iota": -0.7707850555189348, "psi": 2.092677557184693, "ra": 1.7322940233286794, "sin_dec": -0.6653442922300679}