{"M_c": 2.2261394768604523, "eta": 0.24774097958405036, "s1_z": -0.03349097130630237, "s2_z": -0.04112050020888174, "lambda_1": 3473.6645805420353, "lambda_2": 3292.3589753689876, "d_L": 80.53459354893806, "t_c": 0.062275761679591535, "phase_c": 3.764189376164924, "iota": 2.4508688035450765, "psi": 2.092677557184693, "ra": 1.7322940233286794, "dec": -0.7279549092466093, "gmst": 2.7288923786848907}