{"seed": 9126, "f_sampling": 4096, "duration": 128, "post_trigger_duration": 2, "trigger_time": 1187008882.43, "fmin": 20, "fref": 20, "ifos": ["H1", "L1", "V1"], "outdir": "./outdir/injection_19/", "M_c": 2.412471759882286, "q": 0.5803876155977417, "s1_z": -0.0015379235668358873, "s2_z": 0.01985912267512012, "lambda_1": 1036.9930260008264, "lambda_2": 2096.8313075845613, "d_L": 32.0554582538676, "t_c": -0.07799184344434262, "phase_c": 5.7612625913243125, "cos_iota": -0.46078583889907354, "psi": 2.843416888792589, "ra": 4.0395384518799435, "sin_dec": -0.6085129930433879}