{"M_c": 2.412471759882286, "eta": 0.23237580180685644, "s1_z": -0.0015379235668358873, "s2_z": 0.01985912267512012, "lambda_1": 1036.9930260008264, "lambda_2": 2096.8313075845613, "d_L": 32.0554582538676, "t_c": -0.07799184344434262, "phase_c": 5.7612625913243125, "iota": 2.049676762948452, "psi": 2.843416888792589, "ra": 4.0395384518799435, "dec": -0.6541853604251371, "gmst": 2.7288923786848907}