{"seed": 9564, "f_sampling": 4096, "duration": 128, "post_trigger_duration": 2, "trigger_time": 1187008882.43, "fmin": 20, "fref": 20, "ifos": ["H1", "L1", "V1"], "outdir": "./outdir/injection_5/", "M_c": 2.1285119848174734, "q": 0.7605407259135659, "s1_z": 0.022042686562656247, "s2_z": -0.0018294578914968551, "lambda_1": 3456.643039057639, "lambda_2": 4365.403029180622, "d_L": 136.20211609170622, "t_c": -0.07862627511486615, "phase_c": 4.141888719931526, "cos_iota": 0.7188384975636077, "psi": 1.5229642449256455, "ra": 3.3903314613844118, "sin_dec": -0.9134650476764594}