{"M_c": 2.1285119848174734, "eta": 0.24537500593115957, "s1_z": 0.022042686562656247, "s2_z": -0.0018294578914968551, "lambda_1": 3456.643039057639, "lambda_2": 4365.403029180622, "d_L": 136.20211609170622, "t_c": -0.07862627511486615, "phase_c": 4.141888719931526, "iota": 0.768666255185666, "psi": 1.5229642449256455, "ra": 3.3903314613844118, "dec": -1.1517196547800832, "gmst": 2.7288923786848907}