{"seed": 9515, "f_sampling": 4096, "duration": 128, "post_trigger_duration": 2, "trigger_time": 1187008882.43, "fmin": 20, "fref": 20, "ifos": ["H1", "L1", "V1"], "outdir": "./outdir_NRTv2_ref_wf_no_taper/injection_42/", "M_c": 2.00062303118602, "q": 0.9150228247855998, "s1_z": -0.022577888114839642, "s2_z": 0.00740304212892666, "lambda_1": 4628.766978713819, "lambda_2": 138.68651551353693, "d_L": 166.5180175691361, "t_c": 0.05155804423252858, "phase_c": 5.946341662475366, "cos_iota": -0.8844409740148509, "psi": 0.04281780402562179, "ra": 4.702694537312211, "sin_dec": 0.5632925781872771}