{"M_c": 2.00062303118602, "eta": 0.24950773758262854, "s1_z": -0.022577888114839642, "s2_z": 0.00740304212892666, "lambda_1": 4628.766978713819, "lambda_2": 138.68651551353693, "d_L": 166.5180175691361, "t_c": 0.05155804423252858, "phase_c": 5.946341662475366, "iota": 2.6560910242378486, "psi": 0.04281780402562179, "ra": 4.702694537312211, "dec": 0.5983653420596896, "gmst": 2.7288923786848907}