{"seed": 8013, "f_sampling": 4096, "duration": 128, "post_trigger_duration": 2, "trigger_time": 1187008882.43, "fmin": 20, "fref": 20, "ifos": ["H1", "L1", "V1"], "outdir": "./outdir_TaylorF2_part3/injection_8/", "M_c": 1.7279796491222876, "q": 0.7364200018824449, "s1_z": -0.011379811078903034, "s2_z": -0.03197752838684037, "lambda_1": 375.6601347876859, "lambda_2": 759.2824252370866, "d_L": 269.52196224772285, "t_c": 0.0012861356306862193, "phase_c": 1.207258094695308, "cos_iota": 0.6002172827828494, "psi": 2.891053895624671, "ra": 0.9701929618382121, "sin_dec": 0.7808802328203823}