{"M_c": 1.7279796491222876, "eta": 0.24423956407679054, "s1_z": -0.011379811078903034, "s2_z": -0.03197752838684037, "lambda_1": 375.6601347876859, "lambda_2": 759.2824252370866, "d_L": 269.52196224772285, "t_c": 0.0012861356306862193, "phase_c": 1.207258094695308, "iota": 0.9270235868509047, "psi": 2.891053895624671, "ra": 0.9701929618382121, "dec": 0.8960736711064422, "gmst": 2.7288923786848907}