{"seed": 1462, "f_sampling": 4096, "duration": 128, "post_trigger_duration": 2, "trigger_time": 1187008882.43, "fmin": 20, "fref": 20, "ifos": ["H1", "L1", "V1"], "outdir": "./outdir_TaylorF2_part3/injection_17/", "M_c": 1.853639429908903, "q": 0.924538617419384, "s1_z": 0.004454075819180184, "s2_z": 0.01912519823458869, "lambda_1": 3049.8911318586274, "lambda_2": 3047.958317641086, "d_L": 33.7397627023819, "t_c": -0.08283598197177638, "phase_c": 2.1420220777924195, "cos_iota": 0.5828457622840755, "psi": 2.302848734635052, "ra": 5.158871097579601, "sin_dec": 0.04454445028785403}