{"M_c": 1.853639429908903, "eta": 0.24961564169933825, "s1_z": 0.004454075819180184, "s2_z": 0.01912519823458869, "lambda_1": 3049.8911318586274, "lambda_2": 3047.958317641086, "d_L": 33.7397627023819, "t_c": -0.08283598197177638, "phase_c": 2.1420220777924195, "iota": 0.9485698968886059, "psi": 2.302848734635052, "ra": 5.158871097579601, "dec": 0.04455919436602978, "gmst": 2.7288923786848907}