{"seed": 7660, "f_sampling": 4096, "duration": 128, "post_trigger_duration": 2, "trigger_time": 1187008882.43, "fmin": 20, "fref": 20, "ifos": ["H1", "L1", "V1"], "outdir": "./outdir_NRTv2_ref_wf_no_taper/injection_4/", "M_c": 1.3279693580274623, "q": 0.6844785313755611, "s1_z": 0.0004992484421965301, "s2_z": 0.04256927195477099, "lambda_1": 2300.9110850786824, "lambda_2": 4443.27851729052, "d_L": 43.98839119689235, "t_c": 0.045844266317489085, "phase_c": 1.0249588851489664, "cos_iota": -0.5475004909291539, "psi": 1.0339582842135517, "ra": 2.6365142424576193, "sin_dec": -0.1300161630796297}