{"M_c": 1.3279693580274623, "eta": 0.24122864117971998, "s1_z": 0.0004992484421965301, "s2_z": 0.04256927195477099, "lambda_1": 2300.9110850786824, "lambda_2": 4443.27851729052, "d_L": 43.98839119689235, "t_c": 0.045844266317489085, "phase_c": 1.0249588851489664, "iota": 2.150170669886157, "psi": 1.0339582842135517, "ra": 2.6365142424576193, "dec": -0.1303852811340921, "gmst": 2.7288923786848907}