{"seed": 6577, "f_sampling": 4096, "duration": 128, "post_trigger_duration": 2, "trigger_time": 1187008882.43, "fmin": 20, "fref": 20, "ifos": ["H1", "L1", "V1"], "outdir": "./outdir_TaylorF2_part3/injection_70/", "M_c": 2.3854013975484447, "q": 0.9959530838632815, "s1_z": -0.023100197683562376, "s2_z": -0.03977274057338889, "lambda_1": 4906.332596879869, "lambda_2": 3086.074725994682, "d_L": 36.93245069673112, "t_c": 0.011578300943723766, "phase_c": 5.2281028752867424, "cos_iota": 0.06124282722903418, "psi": 2.828354834760553, "ra": 5.083303337643314, "sin_dec": 0.6225325349618913}