{"M_c": 2.3854013975484447, "eta": 0.2499989722493487, "s1_z": -0.023100197683562376, "s2_z": -0.03977274057338889, "lambda_1": 4906.332596879869, "lambda_2": 3086.074725994682, "d_L": 36.93245069673112, "t_c": 0.011578300943723766, "phase_c": 5.2281028752867424, "iota": 1.5095151510580826, "psi": 2.828354834760553, "ra": 5.083303337643314, "dec": 0.6719746323226048, "gmst": 2.7288923786848907}