{"seed": 176, "f_sampling": 4096, "duration": 128, "post_trigger_duration": 2, "trigger_time": 1187008882.43, "fmin": 20, "fref": 20, "ifos": ["H1", "L1", "V1"], "outdir": "./outdir/injection_15/", "M_c": 1.597891612401984, "q": 0.5025953235378129, "s1_z": -0.020598422104066906, "s2_z": 0.03806688377220249, "lambda_1": 2900.286052251771, "lambda_2": 1618.3494253558856, "d_L": 142.51401980975834, "t_c": -0.0816984988603843, "phase_c": 2.119795732688934, "cos_iota": 0.23739331060982805, "psi": 2.911685309749538, "ra": 4.437373529591732, "sin_dec": -0.5597206202947902}