{"M_c": 1.597891612401984, "eta": 0.22260472457522873, "s1_z": -0.020598422104066906, "s2_z": 0.03806688377220249, "lambda_1": 2900.286052251771, "lambda_2": 1618.3494253558856, "d_L": 142.51401980975834, "t_c": -0.0816984988603843, "phase_c": 2.119795732688934, "iota": 1.3311147574330964, "psi": 2.911685309749538, "ra": 4.437373529591732, "dec": -0.5940486239350873, "gmst": 2.7288923786848907}