{"seed": 4585, "f_sampling": 4096, "duration": 128, "post_trigger_duration": 2, "trigger_time": 1187008882.43, "fmin": 20, "fref": 20, "ifos": ["H1", "L1", "V1"], "outdir": "./outdir_NRTv2_ref_wf_no_taper/injection_84/", "M_c": 2.439820718577499, "q": 0.7256517023166689, "s1_z": 0.04052041937930968, "s2_z": -0.028714531899615692, "lambda_1": 4219.277742832471, "lambda_2": 2523.2995165305256, "d_L": 196.2035842330872, "t_c": 0.060445101188067396, "phase_c": 2.829999222298169, "cos_iota": -0.5800872479723265, "psi": 0.7117078837321408, "ra": 0.48493378988056884, "sin_dec": 0.000545139940801409}