{"M_c": 2.439820718577499, "eta": 0.24368114688912754, "s1_z": 0.04052041937930968, "s2_z": -0.028714531899615692, "lambda_1": 4219.277742832471, "lambda_2": 2523.2995165305256, "d_L": 196.2035842330872, "t_c": 0.060445101188067396, "phase_c": 2.829999222298169, "iota": 2.189632124679101, "psi": 0.7117078837321408, "ra": 0.48493378988056884, "dec": 0.0005451399678019717, "gmst": 2.7288923786848907}