{"seed": 7574, "f_sampling": 4096, "duration": 128, "post_trigger_duration": 2, "trigger_time": 1187008882.43, "fmin": 20, "fref": 20, "ifos": ["H1", "L1", "V1"], "outdir": "./outdir_TaylorF2_part3/injection_3/", "M_c": 1.2339895342122378, "q": 0.8007610296929601, "s1_z": -0.010835596172280096, "s2_z": -0.013005251269700036, "lambda_1": 119.96179187332257, "lambda_2": 4231.960512787628, "d_L": 132.49197811651212, "t_c": 0.0011963921233794361, "phase_c": 0.7960705021165719, "cos_iota": -0.6471377307812829, "psi": 2.319643805932044, "ra": 6.226480934804491, "sin_dec": -0.5459765684432891}