{"M_c": 1.2339895342122378, "eta": 0.24693961250461174, "s1_z": -0.010835596172280096, "s2_z": -0.013005251269700036, "lambda_1": 119.96179187332257, "lambda_2": 4231.960512787628, "d_L": 132.49197811651212, "t_c": 0.0011963921233794361, "phase_c": 0.7960705021165719, "iota": 2.2746203324767182, "psi": 2.319643805932044, "ra": 6.226480934804491, "dec": -0.5775543063291443, "gmst": 2.7288923786848907}