{"seed": 4715, "f_sampling": 4096, "duration": 128, "post_trigger_duration": 2, "trigger_time": 1187008882.43, "fmin": 20, "fref": 20, "ifos": ["H1", "L1", "V1"], "outdir": "./outdir_NRTv2_ref_wf_no_taper/injection_55/", "M_c": 1.9925166902744516, "q": 0.7342171546722531, "s1_z": 0.04412153234501413, "s2_z": -0.03165828021278562, "lambda_1": 709.4949848269555, "lambda_2": 2583.0589726275057, "d_L": 255.2898399665522, "t_c": -0.010882568544569218, "phase_c": 2.187997991306352, "cos_iota": 0.5445968134729215, "psi": 0.6584036132578249, "ra": 4.5653984645369, "sin_dec": -0.31938322297459054}