{"M_c": 1.9925166902744516, "eta": 0.24412798784704118, "s1_z": 0.04412153234501413, "s2_z": -0.03165828021278562, "lambda_1": 709.4949848269555, "lambda_2": 2583.0589726275057, "d_L": 255.2898399665522, "t_c": -0.010882568544569218, "phase_c": 2.187997991306352, "iota": 0.9948880162308409, "psi": 0.6584036132578249, "ra": 4.5653984645369, "dec": -0.3250785501458279, "gmst": 2.7288923786848907}