{"seed": 7381, "f_sampling": 4096, "duration": 128, "post_trigger_duration": 2, "trigger_time": 1187008882.43, "fmin": 20, "fref": 20, "ifos": ["H1", "L1", "V1"], "outdir": "./outdir_TaylorF2_part3/injection_90/", "M_c": 2.39116467329668, "q": 0.737386131704769, "s1_z": 0.032695579819427764, "s2_z": 0.038166209243942095, "lambda_1": 3367.22282229412, "lambda_2": 2796.509487661774, "d_L": 41.44673404259948, "t_c": 0.09195990698068854, "phase_c": 4.266641388124638, "cos_iota": 0.016669775708963108, "psi": 2.7850190492890743, "ra": 6.1354687480146834, "sin_dec": -0.8331756665584693}