{"M_c": 2.39116467329668, "eta": 0.24428807335546607, "s1_z": 0.032695579819427764, "s2_z": 0.038166209243942095, "lambda_1": 3367.22282229412, "lambda_2": 2796.509487661774, "d_L": 41.44673404259948, "t_c": 0.09195990698068854, "phase_c": 4.266641388124638, "iota": 1.5541257789525467, "psi": 2.7850190492890743, "ra": 6.1354687480146834, "dec": -0.9848256147042962, "gmst": 2.7288923786848907}