{"seed": 5891, "f_sampling": 4096, "duration": 128, "post_trigger_duration": 2, "trigger_time": 1187008882.43, "fmin": 20, "fref": 20, "ifos": ["H1", "L1", "V1"], "outdir": "./outdir_TaylorF2_part3/injection_63/", "M_c": 1.2192182461064285, "q": 0.8443701428031016, "s1_z": 0.04672416983385007, "s2_z": 0.01854385862371037, "lambda_1": 1647.7795705896665, "lambda_2": 2122.8569919520983, "d_L": 99.64319582793306, "t_c": -0.09467105847908173, "phase_c": 2.1739562553390037, "cos_iota": 0.43996626296146113, "psi": 2.4567226145431103, "ra": 5.976040355388242, "sin_dec": 0.1374323230184955}