{"M_c": 1.2192182461064285, "eta": 0.24821996033318278, "s1_z": 0.04672416983385007, "s2_z": 0.01854385862371037, "lambda_1": 1647.7795705896665, "lambda_2": 2122.8569919520983, "d_L": 99.64319582793306, "t_c": -0.09467105847908173, "phase_c": 2.1739562553390037, "iota": 1.1152352222317095, "psi": 2.4567226145431103, "ra": 5.976040355388242, "dec": 0.13786867078497858, "gmst": 2.7288923786848907}