{"seed": 1465, "f_sampling": 4096, "duration": 128, "post_trigger_duration": 2, "trigger_time": 1187008882.43, "fmin": 20, "fref": 20, "ifos": ["H1", "L1", "V1"], "outdir": "./outdir/injection_8/", "M_c": 1.8071436926949151, "q": 0.574042188896724, "s1_z": 0.03169059280772017, "s2_z": -0.029553339807855697, "lambda_1": 1857.6781303951877, "lambda_2": 2705.234299228116, "d_L": 207.99077529894706, "t_c": -0.08737173704099009, "phase_c": 3.7055835860801007, "cos_iota": 0.9260796382698484, "psi": 1.9605767356743098, "ra": 2.1438428486634615, "sin_dec": 0.13852451763806184}