{"M_c": 1.8071436926949151, "eta": 0.23169201934443237, "s1_z": 0.03169059280772017, "s2_z": -0.029553339807855697, "lambda_1": 1857.6781303951877, "lambda_2": 2705.234299228116, "d_L": 207.99077529894706, "t_c": -0.08737173704099009, "phase_c": 3.7055835860801007, "iota": 0.3869094338144374, "psi": 1.9605767356743098, "ra": 2.1438428486634615, "dec": 0.13897141293215787, "gmst": 2.7288923786848907}