{"seed": 8654, "f_sampling": 4096, "duration": 128, "post_trigger_duration": 2, "trigger_time": 1187008882.43, "fmin": 20, "fref": 20, "ifos": ["H1", "L1", "V1"], "outdir": "./outdir_TaylorF2_part3/injection_76/", "M_c": 1.9685567464643348, "q": 0.8800390068768489, "s1_z": 0.02697962489089356, "s2_z": -0.038054996014092346, "lambda_1": 1200.8216865345212, "lambda_2": 4381.492873847078, "d_L": 252.68817197716993, "t_c": 0.010572115720475783, "phase_c": 3.98347227665108, "cos_iota": -0.7681988537068616, "psi": 0.4029440300341369, "ra": 1.6798079000073833, "sin_dec": 0.5081356801781522}