{"M_c": 1.9685567464643348, "eta": 0.2489821438769002, "s1_z": 0.02697962489089356, "s2_z": -0.038054996014092346, "lambda_1": 1200.8216865345212, "lambda_2": 4381.492873847078, "d_L": 252.68817197716993, "t_c": 0.010572115720475783, "phase_c": 3.98347227665108, "iota": 2.4468193477685034, "psi": 0.4029440300341369, "ra": 1.6798079000073833, "dec": 0.5330188051605016, "gmst": 2.7288923786848907}