{"seed": 3329, "f_sampling": 4096, "duration": 128, "post_trigger_duration": 2, "trigger_time": 1187008882.43, "fmin": 20, "fref": 20, "ifos": ["H1", "L1", "V1"], "outdir": "./outdir_NRTv2_ref_wf_no_taper/injection_102/", "M_c": 1.0190637718073892, "q": 0.7880018835774913, "s1_z": -0.03758928901511696, "s2_z": -0.0011643937263522072, "lambda_1": 4897.791123487934, "lambda_2": 468.1095985382222, "d_L": 125.84152181214301, "t_c": -0.008785546101102576, "phase_c": 2.6971434184947136, "cos_iota": 0.5265698567107318, "psi": 2.567614150121856, "ra": 1.54274700422174, "sin_dec": 0.13197434722698653}