{"M_c": 1.0190637718073892, "eta": 0.24648546340852676, "s1_z": -0.03758928901511696, "s2_z": -0.0011643937263522072, "lambda_1": 4897.791123487934, "lambda_2": 468.1095985382222, "d_L": 125.84152181214301, "t_c": -0.008785546101102576, "phase_c": 2.6971434184947136, "iota": 1.0162356637247287, "psi": 2.567614150121856, "ra": 1.54274700422174, "dec": 0.1323604859660058, "gmst": 2.7288923786848907}