{"seed": 1380, "f_sampling": 4096, "duration": 128, "post_trigger_duration": 2, "trigger_time": 1187008882.43, "fmin": 20, "fref": 20, "ifos": ["H1", "L1", "V1"], "outdir": "./outdir_NRTv2_ref_wf_no_taper/injection_39/", "M_c": 1.373048937760828, "q": 0.8255155525620272, "s1_z": 0.002253786640359877, "s2_z": -0.014486184263458012, "lambda_1": 1101.6048853421466, "lambda_2": 1420.5755672519033, "d_L": 154.2864135348974, "t_c": 0.06939843521612649, "phase_c": 2.2481803374750955, "cos_iota": -0.7009961722312072, "psi": 1.3484656771603667, "ra": 4.993278457985146, "sin_dec": -0.12518103321927887}