{"M_c": 1.373048937760828, "eta": 0.2477160721568258, "s1_z": 0.002253786640359877, "s2_z": -0.014486184263458012, "lambda_1": 1101.6048853421466, "lambda_2": 1420.5755672519033, "d_L": 154.2864135348974, "t_c": 0.06939843521612649, "phase_c": 2.2481803374750955, "iota": 2.347589698934988, "psi": 1.3484656771603667, "ra": 4.993278457985146, "dec": -0.12551029760059443, "gmst": 2.7288923786848907}