{"seed": 2791, "f_sampling": 4096, "duration": 128, "post_trigger_duration": 2, "trigger_time": 1187008882.43, "fmin": 20, "fref": 20, "ifos": ["H1", "L1", "V1"], "outdir": "./outdir_NRTv2_new_taper/injection_5/", "M_c": 2.1986607638925535, "q": 0.5996939205556218, "s1_z": -0.031133724253676755, "s2_z": 0.024283443033169566, "lambda_1": 2345.9202456025896, "lambda_2": 1000.1576634051656, "d_L": 66.9903797514416, "t_c": 0.09306567410392905, "phase_c": 4.157184094350772, "cos_iota": 0.6763470162026557, "psi": 0.37746795258243776, "ra": 5.985216528389112, "sin_dec": -0.8893542006635933}