{"M_c": 2.1986607638925535, "eta": 0.23434508940949966, "s1_z": -0.031133724253676755, "s2_z": 0.024283443033169566, "lambda_1": 2345.9202456025896, "lambda_2": 1000.1576634051656, "d_L": 66.9903797514416, "t_c": 0.09306567410392905, "phase_c": 4.157184094350772, "iota": 0.8280044202511689, "psi": 0.37746795258243776, "ra": 5.985216528389112, "dec": -1.0959307722547769, "gmst": 2.7288923786848907}