{"seed": 5035, "f_sampling": 4096, "duration": 128, "post_trigger_duration": 2, "trigger_time": 1187008882.43, "fmin": 20, "fref": 20, "ifos": ["H1", "L1", "V1"], "outdir": "./outdir_NRTv2_ref_wf_no_taper/injection_5/", "M_c": 2.2070920170478994, "q": 0.7588764255688935, "s1_z": -0.00575501546844405, "s2_z": 0.03482796196506906, "lambda_1": 4535.323870594043, "lambda_2": 2237.3001571313102, "d_L": 240.82233272401234, "t_c": 0.029702263718376004, "phase_c": 0.3289651273339978, "cos_iota": -0.9425885411357589, "psi": 2.1344609836651762, "ra": 5.235551105643112, "sin_dec": -0.9090433339840438}