{"M_c": [0.8759659737275101, 2.6060030916165484], "q": [0.5, 1.0], "s1_z": [-0.05, 0.05], "s2_z": [-0.05, 0.05], "lambda_1": [0.0, 5000.0], "lambda_2": [0.0, 5000.0], "d_L": [30.0, 300.0], "t_c": [-0.1, 0.1], "phase_c": [0.0, 6.283185307179586], "cos_iota": [-1.0, 1.0], "psi": [0.0, 3.141592653589793], "ra": [0.0, 6.283185307179586], "sin_dec": [-1.0, 1.0]}