{"M_c": 2.2070920170478994, "eta": 0.2453016139470782, "s1_z": -0.00575501546844405, "s2_z": 0.03482796196506906, "lambda_1": 4535.323870594043, "lambda_2": 2237.3001571313102, "d_L": 240.82233272401234, "t_c": 0.029702263718376004, "phase_c": 0.3289651273339978, "iota": 2.8010948604308252, "psi": 2.1344609836651762, "ra": 5.235551105643112, "dec": -1.1409824757351323, "gmst": 2.7288923786848907}