{"seed": 3141, "f_sampling": 4096, "duration": 128, "post_trigger_duration": 2, "trigger_time": 1187008882.43, "fmin": 20, "fref": 20, "ifos": ["H1", "L1", "V1"], "outdir": "./outdir_NRTv2_ref_wf_no_taper/injection_37/", "M_c": 1.1352105565579256, "q": 0.672414123515159, "s1_z": 0.036768174252348976, "s2_z": 0.009802196591429967, "lambda_1": 4751.707763172648, "lambda_2": 2076.9814841012376, "d_L": 191.0806985064716, "t_c": -0.03416018323849494, "phase_c": 4.702202115044533, "cos_iota": -0.8841228097817253, "psi": 0.4517968176234371, "ra": 0.8523476877401184, "sin_dec": -0.1418169111651424}