{"M_c": 1.1352105565579256, "eta": 0.24040814302447647, "s1_z": 0.036768174252348976, "s2_z": 0.009802196591429967, "lambda_1": 4751.707763172648, "lambda_2": 2076.9814841012376, "d_L": 191.0806985064716, "t_c": -0.03416018323849494, "phase_c": 4.702202115044533, "iota": 2.65540966232195, "psi": 0.4517968176234371, "ra": 0.8523476877401184, "dec": -0.14229663683636906, "gmst": 2.7288923786848907}