{"seed": 2115, "f_sampling": 4096, "duration": 128, "post_trigger_duration": 2, "trigger_time": 1187008882.43, "fmin": 20, "fref": 20, "ifos": ["H1", "L1", "V1"], "outdir": "./outdir_TaylorF2_part3/injection_43/", "M_c": 2.4880223447806875, "q": 0.5612200082161103, "s1_z": -0.03241542859345027, "s2_z": -0.04583090496007988, "lambda_1": 166.2391883054376, "lambda_2": 2591.682959754255, "d_L": 156.27917524872095, "t_c": 0.010001293918059151, "phase_c": 1.0491884640917304, "cos_iota": 0.8005051257293094, "psi": 1.0146050589278892, "ra": 3.3892044491157707, "sin_dec": 0.007698109504523432}