{"M_c": 2.4880223447806875, "eta": 0.23025280462087022, "s1_z": -0.03241542859345027, "s2_z": -0.04583090496007988, "lambda_1": 166.2391883054376, "lambda_2": 2591.682959754255, "d_L": 156.27917524872095, "t_c": 0.010001293918059151, "phase_c": 1.0491884640917304, "iota": 0.6426587594432298, "psi": 1.0146050589278892, "ra": 3.3892044491157707, "dec": 0.007698185539354454, "gmst": 2.7288923786848907}