{"seed": 48, "f_sampling": 4096, "duration": 128, "post_trigger_duration": 2, "trigger_time": 1187008882.43, "fmin": 20, "fref": 20, "ifos": ["H1", "L1", "V1"], "outdir": "./outdir_TaylorF2_part3/injection_7/", "M_c": 1.4153990070961662, "q": 0.6926717290795703, "s1_z": 0.026862682886989106, "s2_z": -0.011113613014441782, "lambda_1": 3617.828724604559, "lambda_2": 4355.457865679168, "d_L": 78.34163276046442, "t_c": -0.06633268875097598, "phase_c": 5.736967796704911, "cos_iota": -0.8370962049548627, "psi": 0.05235335821009216, "ra": 5.944407339972384, "sin_dec": -0.24698425818299996}