{"M_c": 1.4153990070961662, "eta": 0.24175862734425896, "s1_z": 0.026862682886989106, "s2_z": -0.011113613014441782, "lambda_1": 3617.828724604559, "lambda_2": 4355.457865679168, "d_L": 78.34163276046442, "t_c": -0.06633268875097598, "phase_c": 5.736967796704911, "iota": 2.562749747458024, "psi": 0.05235335821009216, "ra": 5.944407339972384, "dec": -0.2495668567487283, "gmst": 2.7288923786848907}