{"seed": 2250, "f_sampling": 4096, "duration": 128, "post_trigger_duration": 2, "trigger_time": 1187008882.43, "fmin": 20, "fref": 20, "ifos": ["H1", "L1", "V1"], "outdir": "./outdir_TaylorF2_part3/injection_97/", "M_c": 1.745244823106154, "q": 0.5548809574631002, "s1_z": -0.012261985590164969, "s2_z": -0.03403308291831801, "lambda_1": 4850.134901861779, "lambda_2": 2861.8285300243274, "d_L": 102.9316754444189, "t_c": 0.04400845447225149, "phase_c": 0.6308161567167231, "cos_iota": 0.4895230997738609, "psi": 0.8550569623373788, "ra": 5.611331456539403, "sin_dec": 0.3477457937638013}