{"M_c": 1.745244823106154, "eta": 0.22951207067544316, "s1_z": -0.012261985590164969, "s2_z": -0.03403308291831801, "lambda_1": 4850.134901861779, "lambda_2": 2861.8285300243274, "d_L": 102.9316754444189, "t_c": 0.04400845447225149, "phase_c": 0.6308161567167231, "iota": 1.0592535678663302, "psi": 0.8550569623373788, "ra": 5.611331456539403, "dec": 0.355165769622559, "gmst": 2.7288923786848907}