{"seed": 2072, "f_sampling": 4096, "duration": 128, "post_trigger_duration": 2, "trigger_time": 1187008882.43, "fmin": 20, "fref": 20, "ifos": ["H1", "L1", "V1"], "outdir": "./outdir_NRTv2_ref_wf_no_taper/injection_73/", "M_c": 1.7121718221742341, "q": 0.6504150448974967, "s1_z": -0.025195475728869977, "s2_z": -0.02364207646509882, "lambda_1": 4244.0088464549, "lambda_2": 1213.202944204783, "d_L": 286.5938004729778, "t_c": -0.0616465087310788, "phase_c": 4.1183133078209915, "cos_iota": -0.7938619545661905, "psi": 1.5309896874872286, "ra": 4.317298916581517, "sin_dec": 0.029503934578373414}