{"M_c": 1.7121718221742341, "eta": 0.23878345434153353, "s1_z": -0.025195475728869977, "s2_z": -0.02364207646509882, "lambda_1": 4244.0088464549, "lambda_2": 1213.202944204783, "d_L": 286.5938004729778, "t_c": -0.0616465087310788, "phase_c": 4.1183133078209915, "iota": 2.4879301298495218, "psi": 1.5309896874872286, "ra": 4.317298916581517, "dec": 0.029508216697392696, "gmst": 2.7288923786848907}