{"seed": 2029, "f_sampling": 4096, "duration": 128, "post_trigger_duration": 2, "trigger_time": 1187008882.43, "fmin": 20, "fref": 20, "ifos": ["H1", "L1", "V1"], "outdir": "./outdir_NRTv2_ref_wf_no_taper/injection_21/", "M_c": 1.6860619606431657, "q": 0.6821287707249721, "s1_z": -0.03269911514127141, "s2_z": -0.012552364694879796, "lambda_1": 4432.995663479803, "lambda_2": 916.40906665997, "d_L": 240.93975002265228, "t_c": 0.09938058580491763, "phase_c": 1.6124899741400611, "cos_iota": 0.39757417339231127, "psi": 1.814719987885772, "ra": 4.820844592782426, "sin_dec": -0.7537985256217752}