{"M_c": 1.6860619606431657, "eta": 0.24107262097808363, "s1_z": -0.03269911514127141, "s2_z": -0.012552364694879796, "lambda_1": 4432.995663479803, "lambda_2": 916.40906665997, "d_L": 240.93975002265228, "t_c": 0.09938058580491763, "phase_c": 1.6124899741400611, "iota": 1.1619247506659232, "psi": 1.814719987885772, "ra": 4.820844592782426, "dec": -0.8538237626765313, "gmst": 2.7288923786848907}