{"seed": 4613, "f_sampling": 4096, "duration": 128, "post_trigger_duration": 2, "trigger_time": 1187008882.43, "fmin": 20, "fref": 20, "ifos": ["H1", "L1", "V1"], "outdir": "./outdir_NRTv2_ref_wf_no_taper/injection_26/", "M_c": 1.3775622734141049, "q": 0.9123023164680127, "s1_z": -0.001631792658956334, "s2_z": 0.04040677767332375, "lambda_1": 1061.4695085842507, "lambda_2": 4836.238497351754, "d_L": 85.53788973873469, "t_c": -0.011670903197946239, "phase_c": 0.5999808835929249, "cos_iota": -0.86046181724194, "psi": 1.110934903501626, "ra": 2.2808599438962, "sin_dec": -0.2851242169226207}