{"M_c": 1.3775622734141049, "eta": 0.2494742211037822, "s1_z": -0.001631792658956334, "s2_z": 0.04040677767332375, "lambda_1": 1061.4695085842507, "lambda_2": 4836.238497351754, "d_L": 85.53788973873469, "t_c": -0.011670903197946239, "phase_c": 0.5999808835929249, "iota": 2.606971692848287, "psi": 1.110934903501626, "ra": 2.2808599438962, "dec": -0.28913602207044203, "gmst": 2.7288923786848907}