{"seed": 1553, "f_sampling": 4096, "duration": 128, "post_trigger_duration": 2, "trigger_time": 1187008882.43, "fmin": 20, "fref": 20, "ifos": ["H1", "L1", "V1"], "outdir": "./outdir/injection_20/", "M_c": 1.399286506866389, "q": 0.7873299278621984, "s1_z": -0.028649629009384028, "s2_z": -0.029654155619965997, "lambda_1": 1943.781698316217, "lambda_2": 2518.2881720108276, "d_L": 102.76250283296847, "t_c": -0.09270060076900284, "phase_c": 2.8166664632637617, "cos_iota": 0.6933461028686727, "psi": 3.1318285391062024, "ra": 0.7667665115721096, "sin_dec": 0.7510481816271328}