{"M_c": 1.399286506866389, "eta": 0.24646048863987832, "s1_z": -0.028649629009384028, "s2_z": -0.029654155619965997, "lambda_1": 1943.781698316217, "lambda_2": 2518.2881720108276, "d_L": 102.76250283296847, "t_c": -0.09270060076900284, "phase_c": 2.8166664632637617, "iota": 0.8046741194942016, "psi": 3.1318285391062024, "ra": 0.7667665115721096, "dec": 0.8496482076383811, "gmst": 2.7288923786848907}