{"seed": 3163, "f_sampling": 4096, "duration": 128, "post_trigger_duration": 2, "trigger_time": 1187008882.43, "fmin": 20, "fref": 20, "ifos": ["H1", "L1", "V1"], "outdir": "./outdir_TaylorF2_part3/injection_74/", "M_c": 1.4824293845784449, "q": 0.7636557548443856, "s1_z": -0.001518160618898222, "s2_z": -0.03114908592861646, "lambda_1": 4610.696216551628, "lambda_2": 5.546826214558598, "d_L": 97.20070980523123, "t_c": 0.0912724118219086, "phase_c": 6.193902815752585, "cos_iota": 0.23219959798681722, "psi": 0.4466445769832979, "ra": 1.759997486298616, "sin_dec": -0.7831445504382097}