{"M_c": 1.4824293845784449, "eta": 0.24551045392533768, "s1_z": -0.001518160618898222, "s2_z": -0.03114908592861646, "lambda_1": 4610.696216551628, "lambda_2": 5.546826214558598, "d_L": 97.20070980523123, "t_c": 0.0912724118219086, "phase_c": 6.193902815752585, "iota": 1.3364578457034508, "psi": 0.4466445769832979, "ra": 1.759997486298616, "dec": -0.8997066882680561, "gmst": 2.7288923786848907}