{"seed": 8995, "f_sampling": 4096, "duration": 128, "post_trigger_duration": 2, "trigger_time": 1187008882.43, "fmin": 20, "fref": 20, "ifos": ["H1", "L1", "V1"], "outdir": "./outdir/injection_2/", "M_c": 1.9544612572409283, "q": 0.9299275245611722, "s1_z": -0.042153791932473886, "s2_z": 0.002188379785015196, "lambda_1": 1109.0834664776555, "lambda_2": 882.4578274139355, "d_L": 179.87411542069924, "t_c": -0.08689395224867685, "phase_c": 2.433059053617149, "cos_iota": 0.19442219192318277, "psi": 1.4725402090807653, "ra": 4.106533353431454, "sin_dec": -0.836202999714869}