{"M_c": 1.9544612572409283, "eta": 0.24967042601094383, "s1_z": -0.042153791932473886, "s2_z": 0.002188379785015196, "lambda_1": 1109.0834664776555, "lambda_2": 882.4578274139355, "d_L": 179.87411542069924, "t_c": -0.08689395224867685, "phase_c": 2.433059053617149, "iota": 1.3751279593861172, "psi": 1.4725402090807653, "ra": 4.106533353431454, "dec": -0.990322704429662, "gmst": 2.7288923786848907}