{"seed": 895, "f_sampling": 4096, "duration": 128, "post_trigger_duration": 2, "trigger_time": 1187008882.43, "fmin": 20, "fref": 20, "ifos": ["H1", "L1", "V1"], "outdir": "./outdir_TaylorF2_part3/injection_58/", "M_c": 1.1662517256856844, "q": 0.8730754594347954, "s1_z": -0.04931402941077367, "s2_z": 0.0342763425145738, "lambda_1": 470.85661077446497, "lambda_2": 1451.858293024222, "d_L": 48.92134916388426, "t_c": -0.09590818484902162, "phase_c": 3.0369569101301535, "cos_iota": 0.34850373214488184, "psi": 1.5875039376208968, "ra": 4.342674798283791, "sin_dec": -0.02298613063303545}