{"M_c": 1.1662517256856844, "eta": 0.24885205610957037, "s1_z": -0.04931402941077367, "s2_z": 0.0342763425145738, "lambda_1": 470.85661077446497, "lambda_2": 1451.858293024222, "d_L": 48.92134916388426, "t_c": -0.09590818484902162, "phase_c": 3.0369569101301535, "iota": 1.214822044871719, "psi": 1.5875039376208968, "ra": 4.342674798283791, "dec": -0.022988155281556347, "gmst": 2.7288923786848907}