{"seed": 3282, "f_sampling": 4096, "duration": 128, "post_trigger_duration": 2, "trigger_time": 1187008882.43, "fmin": 20, "fref": 20, "ifos": ["H1", "L1", "V1"], "outdir": "./outdir_NRTv2_ref_wf_no_taper/injection_71/", "M_c": 1.2865657548925964, "q": 0.6144010370439256, "s1_z": 0.01474051011576806, "s2_z": -0.03267939474599622, "lambda_1": 2415.1215611766315, "lambda_2": 3852.222918594903, "d_L": 69.00712664954938, "t_c": -0.09194612117234491, "phase_c": 5.016526218328938, "cos_iota": 0.2385147470936435, "psi": 2.5583563473156126, "ra": 4.8554806687555025, "sin_dec": 0.5468092106682534}