{"M_c": 1.2865657548925964, "eta": 0.23573772298758705, "s1_z": 0.01474051011576806, "s2_z": -0.03267939474599622, "lambda_1": 2415.1215611766315, "lambda_2": 3852.222918594903, "d_L": 69.00712664954938, "t_c": -0.09194612117234491, "phase_c": 5.016526218328938, "iota": 1.329960156604181, "psi": 2.5583563473156126, "ra": 4.8554806687555025, "dec": 0.5785484716801873, "gmst": 2.7288923786848907}