{"seed": 9861, "f_sampling": 4096, "duration": 128, "post_trigger_duration": 2, "trigger_time": 1187008882.43, "fmin": 20, "fref": 20, "ifos": ["H1", "L1", "V1"], "outdir": "./outdir_TaylorF2_part3/injection_86/", "M_c": 1.775769625256944, "q": 0.9032682861950223, "s1_z": -0.0037190240329296187, "s2_z": -0.024277810052596896, "lambda_1": 1604.64710782111, "lambda_2": 1086.0793835935367, "d_L": 129.96827802947377, "t_c": -0.05089662145272025, "phase_c": 6.091764186671316, "cos_iota": 0.5445782460060169, "psi": 1.8853477530627747, "ra": 3.001866438198696, "sin_dec": 0.16906165559895192}