{"M_c": 1.775769625256944, "eta": 0.2493542301701828, "s1_z": -0.0037190240329296187, "s2_z": -0.024277810052596896, "lambda_1": 1604.64710782111, "lambda_2": 1086.0793835935367, "d_L": 129.96827802947377, "t_c": -0.05089662145272025, "phase_c": 6.091764186671316, "iota": 0.9949101545139588, "psi": 1.8853477530627747, "ra": 3.001866438198696, "dec": 0.16987754254744672, "gmst": 2.7288923786848907}