{"seed": 4422, "f_sampling": 4096, "duration": 128, "post_trigger_duration": 2, "trigger_time": 1187008882.43, "fmin": 20, "fref": 20, "ifos": ["H1", "L1", "V1"], "outdir": "./outdir/injection_29/", "M_c": 1.5606854260541008, "q": 0.6788391582714011, "s1_z": 0.04579837555135338, "s2_z": 0.04074201644954181, "lambda_1": 1177.082896294464, "lambda_2": 3512.9213998790647, "d_L": 161.05915367997335, "t_c": -0.05904104497287717, "phase_c": 3.9730891203244925, "cos_iota": -0.428600316648476, "psi": 2.1205062709943436, "ra": 1.0909571856245717, "sin_dec": 0.7489872265799715}