{"M_c": 1.5606854260541008, "eta": 0.24085113955863313, "s1_z": 0.04579837555135338, "s2_z": 0.04074201644954181, "lambda_1": 1177.082896294464, "lambda_2": 3512.9213998790647, "d_L": 161.05915367997335, "t_c": -0.05904104497287717, "phase_c": 3.9730891203244925, "iota": 2.013739344353244, "psi": 2.1205062709943436, "ra": 1.0909571856245717, "dec": 0.8465322357900867, "gmst": 2.7288923786848907}