{"seed": 2976, "f_sampling": 4096, "duration": 128, "post_trigger_duration": 2, "trigger_time": 1187008882.43, "fmin": 20, "fref": 20, "ifos": ["H1", "L1", "V1"], "outdir": "./outdir_NRTv2_ref_wf_no_taper/injection_86/", "M_c": 1.154787939938552, "q": 0.7041698641461374, "s1_z": -0.01969104925471653, "s2_z": 0.025159824482792012, "lambda_1": 1016.1494221080413, "lambda_2": 1843.0813421284704, "d_L": 89.68450122578508, "t_c": -0.08194371665438638, "phase_c": 2.9824139910958816, "cos_iota": 0.113353381086297, "psi": 0.45991387036676684, "ra": 3.376849708616091, "sin_dec": -0.42815124342661304}