{"M_c": 1.154787939938552, "eta": 0.24246646045519113, "s1_z": -0.01969104925471653, "s2_z": 0.025159824482792012, "lambda_1": 1016.1494221080413, "lambda_2": 1843.0813421284704, "d_L": 89.68450122578508, "t_c": -0.08194371665438638, "phase_c": 2.9824139910958816, "iota": 1.4571987852525539, "psi": 0.45991387036676684, "ra": 3.376849708616091, "dec": -0.442446035607204, "gmst": 2.7288923786848907}