{"seed": 4217, "f_sampling": 4096, "duration": 128, "post_trigger_duration": 2, "trigger_time": 1187008882.43, "fmin": 20, "fref": 20, "ifos": ["H1", "L1", "V1"], "outdir": "./outdir_NRTv2_ref_wf_no_taper/injection_33/", "M_c": 1.4828732025519469, "q": 0.655226245243151, "s1_z": -0.028441080243327112, "s2_z": 0.01173949507037575, "lambda_1": 4110.888392722397, "lambda_2": 2459.660872775276, "d_L": 250.54196471778303, "t_c": -0.0005111031149839657, "phase_c": 1.7821839698897783, "cos_iota": 0.6951452163794418, "psi": 1.0590528492944413, "ra": 1.956786397354967, "sin_dec": 0.7506007303144493}