{"M_c": 1.4828732025519469, "eta": 0.23915339866423135, "s1_z": -0.028441080243327112, "s2_z": 0.01173949507037575, "lambda_1": 4110.888392722397, "lambda_2": 2459.660872775276, "d_L": 250.54196471778303, "t_c": -0.0005111031149839657, "phase_c": 1.7821839698897783, "iota": 0.8021744390800513, "psi": 1.0590528492944413, "ra": 1.956786397354967, "dec": 0.8489707661082554, "gmst": 2.7288923786848907}