{"seed": 1320, "f_sampling": 4096, "duration": 128, "post_trigger_duration": 2, "trigger_time": 1187008882.43, "fmin": 20, "fref": 20, "ifos": ["H1", "L1", "V1"], "outdir": "./outdir_NRTv2_new_taper/injection_1/", "M_c": 1.5432532876670981, "q": 0.623748344857002, "s1_z": -0.03244716281612653, "s2_z": 0.015133803684581754, "lambda_1": 963.2931776024806, "lambda_2": 4044.1649860299312, "d_L": 296.5125517274491, "t_c": -0.05528605744607151, "phase_c": 6.183787332145499, "cos_iota": -0.8772720029871599, "psi": 1.8813943001944917, "ra": 4.403315522227787, "sin_dec": -0.7921548642860183}