{"M_c": 1.5432532876670981, "eta": 0.23657669667349035, "s1_z": -0.03244716281612653, "s2_z": 0.015133803684581754, "lambda_1": 963.2931776024806, "lambda_2": 4044.1649860299312, "d_L": 296.5125517274491, "t_c": -0.05528605744607151, "phase_c": 6.183787332145499, "iota": 2.640945264169017, "psi": 1.8813943001944917, "ra": 4.403315522227787, "dec": -0.9143316629890507, "gmst": 2.7288923786848907}