{"seed": 5800, "f_sampling": 4096, "duration": 128, "post_trigger_duration": 2, "trigger_time": 1187008882.43, "fmin": 20, "fref": 20, "ifos": ["H1", "L1", "V1"], "outdir": "./outdir_NRTv2_ref_wf_no_taper/injection_30/", "M_c": 1.074412308029404, "q": 0.882342875664306, "s1_z": -0.04149722215523342, "s2_z": -0.02086181311727363, "lambda_1": 1172.267000264477, "lambda_2": 3629.4972671122173, "d_L": 66.89039803442563, "t_c": -0.07527724127575347, "phase_c": 3.470174906018151, "cos_iota": 0.38325164303540826, "psi": 0.9612024104048043, "ra": 1.6192801874174636, "sin_dec": -0.9454315509160409}