{"M_c": 1.074412308029404, "eta": 0.2490232599437995, "s1_z": -0.04149722215523342, "s2_z": -0.02086181311727363, "lambda_1": 1172.267000264477, "lambda_2": 3629.4972671122173, "d_L": 66.89039803442563, "t_c": -0.07527724127575347, "phase_c": 3.470174906018151, "iota": 1.177482139899949, "psi": 0.9612024104048043, "ra": 1.6192801874174636, "dec": -1.2389165716156365, "gmst": 2.7288923786848907}