{"seed": 1735, "f_sampling": 4096, "duration": 128, "post_trigger_duration": 2, "trigger_time": 1187008882.43, "fmin": 20, "fref": 20, "ifos": ["H1", "L1", "V1"], "outdir": "./outdir_TaylorF2_part3/injection_45/", "M_c": 2.170839718865063, "q": 0.6552718717321617, "s1_z": 0.033044891822261765, "s2_z": -0.006128806955180879, "lambda_1": 2313.299942605154, "lambda_2": 3843.128138036298, "d_L": 46.14010551950919, "t_c": 0.0037178420511509713, "phase_c": 3.025557028273325, "cos_iota": -0.6978704964941405, "psi": 1.0174146053303372, "ra": 0.454990550457224, "sin_dec": 0.7927213863500597}