{"M_c": 2.170839718865063, "eta": 0.23915686709047554, "s1_z": 0.033044891822261765, "s2_z": -0.006128806955180879, "lambda_1": 2313.299942605154, "lambda_2": 3843.128138036298, "d_L": 46.14010551950919, "t_c": 0.0037178420511509713, "phase_c": 3.025557028273325, "iota": 2.3432162627985704, "psi": 1.0174146053303372, "ra": 0.454990550457224, "dec": 0.9152604605039723, "gmst": 2.7288923786848907}