{"seed": 2084, "f_sampling": 4096, "duration": 128, "post_trigger_duration": 2, "trigger_time": 1187008882.43, "fmin": 20, "fref": 20, "ifos": ["H1", "L1", "V1"], "outdir": "./outdir_NRTv2_ref_wf_no_taper/injection_10/", "M_c": 1.3513745493634801, "q": 0.7937729573025615, "s1_z": 0.03393087643277869, "s2_z": 0.003461140469446268, "lambda_1": 3511.866060193151, "lambda_2": 552.2245274263748, "d_L": 98.95277715452171, "t_c": 0.009223555233004443, "phase_c": 2.1446295101642385, "cos_iota": 0.17276680490387664, "psi": 2.8117335865432573, "ra": 3.204895164974376, "sin_dec": -0.7493651149421487}