{"M_c": 1.3513745493634801, "eta": 0.24669557201133768, "s1_z": 0.03393087643277869, "s2_z": 0.003461140469446268, "lambda_1": 3511.866060193151, "lambda_2": 552.2245274263748, "d_L": 98.95277715452171, "t_c": 0.009223555233004443, "phase_c": 2.1446295101642385, "iota": 1.3971583004683084, "psi": 2.8117335865432573, "ra": 3.204895164974376, "dec": -0.8471027446228058, "gmst": 2.7288923786848907}