{"seed": 7, "f_sampling": 4096, "duration": 128, "post_trigger_duration": 2, "trigger_time": 1187008882.43, "fmin": 20, "fref": 20, "ifos": ["H1", "L1", "V1"], "outdir": "./outdir_TaylorF2_part3/injection_19/", "M_c": 1.9549535813479506, "q": 0.5028381442145824, "s1_z": 0.023512906973620726, "s2_z": 0.034723680003225635, "lambda_1": 3624.5702442666293, "lambda_2": 139.02033574497042, "d_L": 253.4288422945863, "t_c": 0.0167083589475229, "phase_c": 1.633388108724623, "cos_iota": -0.6326874062358874, "psi": 0.6583266627270985, "ra": 0.4125286069575177, "sin_dec": 0.08804521345446847}