{"M_c": 1.9549535813479506, "eta": 0.2226403088530882, "s1_z": 0.023512906973620726, "s2_z": 0.034723680003225635, "lambda_1": 3624.5702442666293, "lambda_2": 139.02033574497042, "d_L": 253.4288422945863, "t_c": 0.0167083589475229, "phase_c": 1.633388108724623, "iota": 2.255814914701345, "psi": 0.6583266627270985, "ra": 0.4125286069575177, "dec": 0.08815936593509437, "gmst": 2.7288923786848907}