{"seed": 8025, "f_sampling": 4096, "duration": 128, "post_trigger_duration": 2, "trigger_time": 1187008882.43, "fmin": 20, "fref": 20, "ifos": ["H1", "L1", "V1"], "outdir": "./outdir_TaylorF2_part3/injection_49/", "M_c": 2.2757485561257575, "q": 0.8210768553855308, "s1_z": 0.04766056808674278, "s2_z": 0.008230431648187778, "lambda_1": 2760.333869770603, "lambda_2": 254.51787499985335, "d_L": 136.5404363967625, "t_c": -0.07501091809517245, "phase_c": 0.35159962054551347, "cos_iota": -0.11792589008087973, "psi": 1.2066718806195729, "ra": 0.5882836094596088, "sin_dec": -0.5176596748633924}