{"M_c": 2.2757485561257575, "eta": 0.2475866711548402, "s1_z": 0.04766056808674278, "s2_z": 0.008230431648187778, "lambda_1": 2760.333869770603, "lambda_2": 254.51787499985335, "d_L": 136.5404363967625, "t_c": -0.07501091809517245, "phase_c": 0.35159962054551347, "iota": 1.6889972646439926, "psi": 1.2066718806195729, "ra": 0.5882836094596088, "dec": -0.5441133343950574, "gmst": 2.7288923786848907}