{"seed": 5162, "f_sampling": 4096, "duration": 128, "post_trigger_duration": 2, "trigger_time": 1187008882.43, "fmin": 20, "fref": 20, "ifos": ["H1", "L1", "V1"], "outdir": "./outdir_NRTv2_ref_wf_no_taper/injection_53/", "M_c": 1.4242442062735345, "q": 0.821935956639709, "s1_z": -0.03161592292791908, "s2_z": -0.0014309893790119613, "lambda_1": 4595.087104562943, "lambda_2": 4352.714563583736, "d_L": 178.47221597177142, "t_c": -0.09122902922265617, "phase_c": 1.6456812831096965, "cos_iota": -0.7329231253929713, "psi": 2.3506346200599, "ra": 3.076642763243573, "sin_dec": 0.23076377630944922}