{"M_c": 1.4242442062735345, "eta": 0.24761204435077763, "s1_z": -0.03161592292791908, "s2_z": -0.0014309893790119613, "lambda_1": 4595.087104562943, "lambda_2": 4352.714563583736, "d_L": 178.47221597177142, "t_c": -0.09122902922265617, "phase_c": 1.6456812831096965, "iota": 2.3934051371250717, "psi": 2.3506346200599, "ra": 3.076642763243573, "dec": 0.2328625724940063, "gmst": 2.7288923786848907}