{"seed": 3501, "f_sampling": 4096, "duration": 128, "post_trigger_duration": 2, "trigger_time": 1187008882.43, "fmin": 20, "fref": 20, "ifos": ["H1", "L1", "V1"], "outdir": "./outdir/injection_26/", "M_c": 1.2099908666655046, "q": 0.5294870857100906, "s1_z": -0.0046305586867958146, "s2_z": -0.04862711562668234, "lambda_1": 4857.739629556178, "lambda_2": 3176.1794640216895, "d_L": 134.04483486022912, "t_c": 0.0682634194851533, "phase_c": 0.30185987866770275, "cos_iota": 0.7635196603727126, "psi": 2.6269169006063944, "ra": 6.061588979951516, "sin_dec": 0.8745608147754604}