{"M_c": 1.2099908666655046, "eta": 0.2263412673738779, "s1_z": -0.0046305586867958146, "s2_z": -0.04862711562668234, "lambda_1": 4857.739629556178, "lambda_2": 3176.1794640216895, "d_L": 134.04483486022912, "t_c": 0.0682634194851533, "phase_c": 0.30185987866770275, "iota": 0.702050424992999, "psi": 2.6269169006063944, "ra": 6.061588979951516, "dec": 1.064529381785943, "gmst": 2.7288923786848907}