{"seed": 4707, "f_sampling": 4096, "duration": 128, "post_trigger_duration": 2, "trigger_time": 1187008882.43, "fmin": 20, "fref": 20, "ifos": ["H1", "L1", "V1"], "outdir": "./outdir_NRTv2_ref_wf_no_taper/injection_67/", "M_c": 2.13562280565424, "q": 0.7330391573097701, "s1_z": -0.008747472662912328, "s2_z": 0.016534496508900903, "lambda_1": 4330.665449696655, "lambda_2": 3164.5928855230527, "d_L": 225.27268914236993, "t_c": 0.08910029391120705, "phase_c": 2.6199366050599164, "cos_iota": -0.8291783980765282, "psi": 1.5537425321654568, "ra": 3.912648833669015, "sin_dec": 0.33496556636677033}