{"M_c": 2.13562280565424, "eta": 0.2440677644559349, "s1_z": -0.008747472662912328, "s2_z": 0.016534496508900903, "lambda_1": 4330.665449696655, "lambda_2": 3164.5928855230527, "d_L": 225.27268914236993, "t_c": 0.08910029391120705, "phase_c": 2.6199366050599164, "iota": 2.5484325920495605, "psi": 1.5537425321654568, "ra": 3.912648833669015, "dec": 0.3415686850507996, "gmst": 2.7288923786848907}