{"seed": 5482, "f_sampling": 4096, "duration": 128, "post_trigger_duration": 2, "trigger_time": 1187008882.43, "fmin": 20, "fref": 20, "ifos": ["H1", "L1", "V1"], "outdir": "./outdir_NRTv2_new_taper/injection_4/", "M_c": 2.370495472845149, "q": 0.8251642837256631, "s1_z": -0.03861049010793003, "s2_z": -0.04187254862088481, "lambda_1": 449.4029218833395, "lambda_2": 2775.974696743678, "d_L": 82.11046907369459, "t_c": -0.05642197217622616, "phase_c": 3.078601676647806, "cos_iota": -0.47791963238324553, "psi": 2.790866394903841, "ra": 5.268278301890974, "sin_dec": 0.7295611145533125}