{"M_c": 2.370495472845149, "eta": 0.24770598422642756, "s1_z": -0.03861049010793003, "s2_z": -0.04187254862088481, "lambda_1": 449.4029218833395, "lambda_2": 2775.974696743678, "d_L": 82.11046907369459, "t_c": -0.05642197217622616, "phase_c": 3.078601676647806, "iota": 2.06908115851679, "psi": 2.790866394903841, "ra": 5.268278301890974, "dec": 0.8176800062379969, "gmst": 2.7288923786848907}