{"seed": 752, "f_sampling": 4096, "duration": 128, "post_trigger_duration": 2, "trigger_time": 1187008882.43, "fmin": 20, "fref": 20, "ifos": ["H1", "L1", "V1"], "outdir": "./outdir_TaylorF2_part3/injection_52/", "M_c": 2.5849202401671403, "q": 0.9417630778225174, "s1_z": -0.007150039555366937, "s2_z": -0.03395661892313419, "lambda_1": 1238.1320767158977, "lambda_2": 319.74477383266196, "d_L": 49.7148336309394, "t_c": -0.09041736674854556, "phase_c": 2.9316327369121655, "cos_iota": 0.2689046911525672, "psi": 2.4213398963802226, "ra": 3.9371659088982924, "sin_dec": -0.23691836143013112}