{"M_c": 2.5849202401671403, "eta": 0.24977512335156832, "s1_z": -0.007150039555366937, "s2_z": -0.03395661892313419, "lambda_1": 1238.1320767158977, "lambda_2": 319.74477383266196, "d_L": 49.7148336309394, "t_c": -0.09041736674854556, "phase_c": 2.9316327369121655, "iota": 1.2985406715584549, "psi": 2.4213398963802226, "ra": 3.9371659088982924, "dec": -0.23919267274840553, "gmst": 2.7288923786848907}