{"seed": 9679, "f_sampling": 4096, "duration": 128, "post_trigger_duration": 2, "trigger_time": 1187008882.43, "fmin": 20, "fref": 20, "ifos": ["H1", "L1", "V1"], "outdir": "./outdir_NRTv2_ref_wf_no_taper/injection_70/", "M_c": 2.2287876855301914, "q": 0.6185396912624901, "s1_z": 0.04256623666944877, "s2_z": -0.007061365052720668, "lambda_1": 3488.1002522579556, "lambda_2": 401.3750675167183, "d_L": 30.647523199527654, "t_c": -0.0031746038413083683, "phase_c": 4.578821337592299, "cos_iota": -0.7814984612933777, "psi": 2.616636870390828, "ra": 0.9494770314893277, "sin_dec": -0.4418399174526195}