{"M_c": 2.2287876855301914, "eta": 0.2361135251318058, "s1_z": 0.04256623666944877, "s2_z": -0.007061365052720668, "lambda_1": 3488.1002522579556, "lambda_2": 401.3750675167183, "d_L": 30.647523199527654, "t_c": -0.0031746038413083683, "phase_c": 4.578821337592299, "iota": 2.4678602820524698, "psi": 2.616636870390828, "ra": 0.9494770314893277, "dec": -0.45764861527191514, "gmst": 2.7288923786848907}