{"seed": 5118, "f_sampling": 4096, "duration": 128, "post_trigger_duration": 2, "trigger_time": 1187008882.43, "fmin": 20, "fref": 20, "ifos": ["H1", "L1", "V1"], "outdir": "./outdir_NRTv2_ref_wf_no_taper/injection_38/", "M_c": 2.5558257490013796, "q": 0.6578896443702096, "s1_z": 0.04211546246832165, "s2_z": -0.006968200685415517, "lambda_1": 2033.9535273155313, "lambda_2": 1809.579157151201, "d_L": 252.9563171828257, "t_c": 0.045749007899359206, "phase_c": 4.8712128682365785, "cos_iota": -0.8316786733401174, "psi": 2.7850645512062355, "ra": 0.7837087325267404, "sin_dec": 0.7889222800581006}