{"M_c": 2.5558257490013796, "eta": 0.23935461894350105, "s1_z": 0.04211546246832165, "s2_z": -0.006968200685415517, "lambda_1": 2033.9535273155313, "lambda_2": 1809.579157151201, "d_L": 252.9563171828257, "t_c": 0.045749007899359206, "phase_c": 4.8712128682365785, "iota": 2.5529204369972245, "psi": 2.7850645512062355, "ra": 0.7837087325267404, "dec": 0.9090531814878843, "gmst": 2.7288923786848907}