{"seed": 4286, "f_sampling": 4096, "duration": 128, "post_trigger_duration": 2, "trigger_time": 1187008882.43, "fmin": 20, "fref": 20, "ifos": ["H1", "L1", "V1"], "outdir": "./outdir_NRTv2_ref_wf_no_taper/injection_54/", "M_c": 1.598086274627195, "q": 0.9826060326521658, "s1_z": 0.015390028325384886, "s2_z": -0.046605669295671365, "lambda_1": 1764.5220582291531, "lambda_2": 4202.839188251879, "d_L": 75.53560533227781, "t_c": -0.05753556130284685, "phase_c": 0.3028016333318921, "cos_iota": 0.9438107484679004, "psi": 2.2220149326113763, "ra": 5.044562827450106, "sin_dec": 0.9807321996734635}