{"M_c": 1.598086274627195, "eta": 0.249980757368505, "s1_z": 0.015390028325384886, "s2_z": -0.046605669295671365, "lambda_1": 1764.5220582291531, "lambda_2": 4202.839188251879, "d_L": 75.53560533227781, "t_c": -0.05753556130284685, "phase_c": 0.3028016333318921, "iota": 0.33681890305491796, "psi": 2.2220149326113763, "ra": 5.044562827450106, "dec": 1.3741748889281358, "gmst": 2.7288923786848907}