{"seed": 9448, "f_sampling": 4096, "duration": 128, "post_trigger_duration": 2, "trigger_time": 1187008882.43, "fmin": 20, "fref": 20, "ifos": ["H1", "L1", "V1"], "outdir": "./outdir_NRTv2_ref_wf_no_taper/injection_40/", "M_c": 2.4624845358718868, "q": 0.6408322284677701, "s1_z": -0.014299411364812407, "s2_z": -0.047362364020254094, "lambda_1": 1680.295083862448, "lambda_2": 3243.0986286306356, "d_L": 103.62200001025896, "t_c": 0.0832434549623848, "phase_c": 4.8063151022369, "cos_iota": -0.2000544651478322, "psi": 3.0759199608201286, "ra": 3.1544384621340513, "sin_dec": 0.5935333051088121}