{"M_c": 2.4624845358718868, "eta": 0.23802139142983447, "s1_z": -0.014299411364812407, "s2_z": -0.047362364020254094, "lambda_1": 1680.295083862448, "lambda_2": 3243.0986286306356, "d_L": 103.62200001025896, "t_c": 0.0832434549623848, "phase_c": 4.8063151022369, "iota": 1.772209836159368, "psi": 3.0759199608201286, "ra": 3.1544384621340513, "dec": 0.6354420087194671, "gmst": 2.7288923786848907}