{"seed": 8643, "f_sampling": 4096, "duration": 128, "post_trigger_duration": 2, "trigger_time": 1187008882.43, "fmin": 20, "fref": 20, "ifos": ["H1", "L1", "V1"], "outdir": "./outdir_TaylorF2_part3/injection_11/", "M_c": 2.241414275052932, "q": 0.603206170677036, "s1_z": -0.01083714926877001, "s2_z": -0.04749032542386725, "lambda_1": 2489.553999325174, "lambda_2": 3336.825619312315, "d_L": 141.57750421521382, "t_c": 0.08118843938515363, "phase_c": 5.056054036117438, "cos_iota": -0.5955781770177306, "psi": 3.0867638121787624, "ra": 0.5963588578320229, "sin_dec": -0.9941109763487286}