{"M_c": 2.241414275052932, "eta": 0.23468591418268492, "s1_z": -0.01083714926877001, "s2_z": -0.04749032542386725, "lambda_1": 2489.553999325174, "lambda_2": 3336.825619312315, "d_L": 141.57750421521382, "t_c": 0.08118843938515363, "phase_c": 5.056054036117438, "iota": 2.208781538282308, "psi": 3.0867638121787624, "ra": 0.5963588578320229, "dec": -1.462216284010576, "gmst": 2.7288923786848907}