{"seed": 5435, "f_sampling": 4096, "duration": 128, "post_trigger_duration": 2, "trigger_time": 1187008882.43, "fmin": 20, "fref": 20, "ifos": ["H1", "L1", "V1"], "outdir": "./outdir_NRTv2_ref_wf_no_taper/injection_68/", "M_c": 2.256178445811031, "q": 0.8894182221576454, "s1_z": 0.03236426154641944, "s2_z": -0.01940910468616194, "lambda_1": 2106.515083936421, "lambda_2": 4633.133179488679, "d_L": 72.83695407428421, "t_c": -0.08457423242661682, "phase_c": 5.454463769446034, "cos_iota": 0.3138364489187051, "psi": 2.146055862445021, "ra": 0.21658327197908203, "sin_dec": 0.19372300779450358}