{"M_c": 2.256178445811031, "eta": 0.24914365070324912, "s1_z": 0.03236426154641944, "s2_z": -0.01940910468616194, "lambda_1": 2106.515083936421, "lambda_2": 4633.133179488679, "d_L": 72.83695407428421, "t_c": -0.08457423242661682, "phase_c": 5.454463769446034, "iota": 1.2515653865347915, "psi": 2.146055862445021, "ra": 0.21658327197908203, "dec": 0.19495563214860162, "gmst": 2.7288923786848907}