{"seed": 9572, "f_sampling": 4096, "duration": 128, "post_trigger_duration": 2, "trigger_time": 1187008882.43, "fmin": 20, "fref": 20, "ifos": ["H1", "L1", "V1"], "outdir": "./outdir_TaylorF2_part3/injection_32/", "M_c": 1.4265078715683113, "q": 0.6688888926815235, "s1_z": -0.04738031374783977, "s2_z": -0.0037386266791190406, "lambda_1": 2151.7270446627417, "lambda_2": 2620.1803758325364, "d_L": 43.88787903214818, "t_c": 0.051107987411560196, "phase_c": 4.619348980817072, "cos_iota": -0.24031315240046403, "psi": 0.30846202085411123, "ra": 2.5715686105583306, "sin_dec": 0.010981121146795614}