{"M_c": 1.4265078715683113, "eta": 0.24015914892415885, "s1_z": -0.04738031374783977, "s2_z": -0.0037386266791190406, "lambda_1": 2151.7270446627417, "lambda_2": 2620.1803758325364, "d_L": 43.88787903214818, "t_c": 0.051107987411560196, "phase_c": 4.619348980817072, "iota": 1.8134847712001938, "psi": 0.30846202085411123, "ra": 2.5715686105583306, "dec": 0.010981341851893856, "gmst": 2.7288923786848907}