{"seed": 3483, "f_sampling": 4096, "duration": 128, "post_trigger_duration": 2, "trigger_time": 1187008882.43, "fmin": 20, "fref": 20, "ifos": ["H1", "L1", "V1"], "outdir": "./outdir_NRTv2_ref_wf_no_taper/injection_45/", "M_c": 1.8807947617979692, "q": 0.9773372501268699, "s1_z": 0.035577740182319906, "s2_z": 0.00711533558266083, "lambda_1": 4917.690773394763, "lambda_2": 3667.6201947486193, "d_L": 177.23477093676848, "t_c": -0.06835028642619151, "phase_c": 3.7093020646337163, "cos_iota": 0.5512419201607175, "psi": 1.7471799202250635, "ra": 2.1832610611473724, "sin_dec": -0.7056664739228977}