{"M_c": 1.8807947617979692, "eta": 0.24996715995648322, "s1_z": 0.035577740182319906, "s2_z": 0.00711533558266083, "lambda_1": 4917.690773394763, "lambda_2": 3667.6201947486193, "d_L": 177.23477093676848, "t_c": -0.06835028642619151, "phase_c": 3.7093020646337163, "iota": 0.9869443232379674, "psi": 1.7471799202250635, "ra": 2.1832610611473724, "dec": -0.7833633301993482, "gmst": 2.7288923786848907}