{"seed": 9108, "f_sampling": 4096, "duration": 128, "post_trigger_duration": 2, "trigger_time": 1187008882.43, "fmin": 20, "fref": 20, "ifos": ["H1", "L1", "V1"], "outdir": "./outdir_NRTv2_ref_wf_no_taper/injection_51/", "M_c": 1.1369738524058621, "q": 0.600126519241579, "s1_z": -0.010052224306152747, "s2_z": 0.020378009131562014, "lambda_1": 1548.079600752343, "lambda_2": 2301.1528085291366, "d_L": 134.65426485113153, "t_c": -0.01803652947225265, "phase_c": 1.2704418185108084, "cos_iota": 0.9502244432800027, "psi": 1.5841193989447722, "ra": 3.5791748457213903, "sin_dec": -0.4833257835674616}