{"M_c": 1.1369738524058621, "eta": 0.23438735197565952, "s1_z": -0.010052224306152747, "s2_z": 0.020378009131562014, "lambda_1": 1548.079600752343, "lambda_2": 2301.1528085291366, "d_L": 134.65426485113153, "t_c": -0.01803652947225265, "phase_c": 1.2704418185108084, "iota": 0.3168408477855752, "psi": 1.5841193989447722, "ra": 3.5791748457213903, "dec": -0.5044497285435641, "gmst": 2.7288923786848907}