{"seed": 3155, "f_sampling": 4096, "duration": 128, "post_trigger_duration": 2, "trigger_time": 1187008882.43, "fmin": 20, "fref": 20, "ifos": ["H1", "L1", "V1"], "outdir": "./outdir_TaylorF2_part3/injection_65/", "M_c": 2.1325773668934396, "q": 0.8918477205129014, "s1_z": -0.03338582847428394, "s2_z": -0.03126605201795464, "lambda_1": 3190.164398020649, "lambda_2": 2769.6015709227795, "d_L": 102.72452647500599, "t_c": -0.09179270140511331, "phase_c": 5.687565289651211, "cos_iota": 0.39682008224255627, "psi": 0.12586797629298754, "ra": 0.028828943081235056, "sin_dec": -0.6972745029730765}