{"M_c": 2.1325773668934396, "eta": 0.24918296810390717, "s1_z": -0.03338582847428394, "s2_z": -0.03126605201795464, "lambda_1": 3190.164398020649, "lambda_2": 2769.6015709227795, "d_L": 102.72452647500599, "t_c": -0.09179270140511331, "phase_c": 5.687565289651211, "iota": 1.1627464394601386, "psi": 0.12586797629298754, "ra": 0.028828943081235056, "dec": -0.7715881400923227, "gmst": 2.7288923786848907}