{"seed": 7587, "f_sampling": 4096, "duration": 128, "post_trigger_duration": 2, "trigger_time": 1187008882.43, "fmin": 20, "fref": 20, "ifos": ["H1", "L1", "V1"], "outdir": "./outdir_NRTv2_ref_wf_no_taper/injection_15/", "M_c": 0.9896885791112766, "q": 0.8591158747297333, "s1_z": 0.007074681795615788, "s2_z": -0.016594503497067557, "lambda_1": 4311.8512972744065, "lambda_2": 4250.3707590861095, "d_L": 184.7506784167733, "t_c": 0.07098097633897957, "phase_c": 4.394315023346563, "cos_iota": 0.9031492872793665, "psi": 1.3841897246636985, "ra": 5.111751877691549, "sin_dec": -0.83099569363816}