{"M_c": 0.9896885791112766, "eta": 0.2485643412908873, "s1_z": 0.007074681795615788, "s2_z": -0.016594503497067557, "lambda_1": 4311.8512972744065, "lambda_2": 4250.3707590861095, "d_L": 184.7506784167733, "t_c": 0.07098097633897957, "phase_c": 4.394315023346563, "iota": 0.4437470772053409, "psi": 1.3841897246636985, "ra": 5.111751877691549, "dec": -0.9808952169018775, "gmst": 2.7288923786848907}