{"seed": 5768, "f_sampling": 4096, "duration": 128, "post_trigger_duration": 2, "trigger_time": 1187008882.43, "fmin": 20, "fref": 20, "ifos": ["H1", "L1", "V1"], "outdir": "./outdir_TaylorF2_part3/injection_89/", "M_c": 2.4881621682662716, "q": 0.8060566490869318, "s1_z": 0.046403233623021053, "s2_z": -0.014080035871303832, "lambda_1": 1245.140586797895, "lambda_2": 736.5994840689921, "d_L": 186.72853131693228, "t_c": 0.022825148382278226, "phase_c": 0.33067072296828753, "cos_iota": 0.25252586150242906, "psi": 0.20896541048500067, "ra": 3.259812945236078, "sin_dec": 0.4755558825123476}