{"M_c": 2.4881621682662716, "eta": 0.2471171167027529, "s1_z": 0.046403233623021053, "s2_z": -0.014080035871303832, "lambda_1": 1245.140586797895, "lambda_2": 736.5994840689921, "d_L": 186.72853131693228, "t_c": 0.022825148382278226, "phase_c": 0.33067072296828753, "iota": 1.3155064909933953, "psi": 0.20896541048500067, "ra": 3.259812945236078, "dec": 0.4955958343621654, "gmst": 2.7288923786848907}