{"seed": 973, "f_sampling": 4096, "duration": 128, "post_trigger_duration": 2, "trigger_time": 1187008882.43, "fmin": 20, "fref": 20, "ifos": ["H1", "L1", "V1"], "outdir": "./outdir_TaylorF2_part3/injection_44/", "M_c": 1.5376886508903722, "q": 0.6261443558298814, "s1_z": 0.016828801151869993, "s2_z": 0.008784918851689548, "lambda_1": 1978.4625726637112, "lambda_2": 739.8649532041818, "d_L": 226.0829982156288, "t_c": -0.0999580428003156, "phase_c": 0.2885869255863309, "cos_iota": -0.8730292510944775, "psi": 2.2450900918287022, "ra": 1.1511579489214645, "sin_dec": -0.5473805696816296}