{"M_c": 1.5376886508903722, "eta": 0.23678614004154547, "s1_z": 0.016828801151869993, "s2_z": 0.008784918851689548, "lambda_1": 1978.4625726637112, "lambda_2": 739.8649532041818, "d_L": 226.0829982156288, "t_c": -0.0999580428003156, "phase_c": 0.2885869255863309, "iota": 2.632176236871827, "psi": 2.2450900918287022, "ra": 1.1511579489214645, "dec": -0.5792310413965783, "gmst": 2.7288923786848907}