{"seed": 4123, "f_sampling": 4096, "duration": 128, "post_trigger_duration": 2, "trigger_time": 1187008882.43, "fmin": 20, "fref": 20, "ifos": ["H1", "L1", "V1"], "outdir": "./outdir_TaylorF2_part3/injection_85/", "M_c": 1.5344393868229673, "q": 0.6366819063461121, "s1_z": -0.01778491377949306, "s2_z": -0.029769805032228282, "lambda_1": 3681.5610067330776, "lambda_2": 3152.305840898804, "d_L": 30.362098399173764, "t_c": 0.012240146263339025, "phase_c": 5.740300436225545, "cos_iota": 0.3767436068941272, "psi": 2.0977480552223446, "ra": 5.047234063716313, "sin_dec": 0.8574785095806134}