{"M_c": 1.5344393868229673, "eta": 0.23768071508152966, "s1_z": -0.01778491377949306, "s2_z": -0.029769805032228282, "lambda_1": 3681.5610067330776, "lambda_2": 3152.305840898804, "d_L": 30.362098399173764, "t_c": 0.012240146263339025, "phase_c": 5.740300436225545, "iota": 1.1845179718740788, "psi": 2.0977480552223446, "ra": 5.047234063716313, "dec": 1.030348807254609, "gmst": 2.7288923786848907}