{"seed": 2806, "f_sampling": 4096, "duration": 128, "post_trigger_duration": 2, "trigger_time": 1187008882.43, "fmin": 20, "fref": 20, "ifos": ["H1", "L1", "V1"], "outdir": "./outdir_TaylorF2_part3/injection_104/", "M_c": 1.2169601715825764, "q": 0.9650998167830065, "s1_z": 0.012379339381713358, "s2_z": -0.016052529524589333, "lambda_1": 535.8265009075258, "lambda_2": 3498.0488355738266, "d_L": 189.39360405552304, "t_c": -0.012651838365810075, "phase_c": 3.3290481422617972, "cos_iota": -0.7126679304340902, "psi": 0.43820077254072487, "ra": 0.3406718617038876, "sin_dec": 0.32733557016693005}