{"M_c": 1.2169601715825764, "eta": 0.2499211455526834, "s1_z": 0.012379339381713358, "s2_z": -0.016052529524589333, "lambda_1": 535.8265009075258, "lambda_2": 3498.0488355738266, "d_L": 189.39360405552304, "t_c": -0.012651838365810075, "phase_c": 3.3290481422617972, "iota": 2.364090397439536, "psi": 0.43820077254072487, "ra": 0.3406718617038876, "dec": 0.3334824163237498, "gmst": 2.7288923786848907}