{"seed": 726, "f_sampling": 4096, "duration": 128, "post_trigger_duration": 2, "trigger_time": 1187008882.43, "fmin": 20, "fref": 20, "ifos": ["H1", "L1", "V1"], "outdir": "./outdir_NRTv2_ref_wf_no_taper/injection_12/", "M_c": 1.4886484621767155, "q": 0.6035518279352778, "s1_z": 0.018584015992966996, "s2_z": 0.038933077216569925, "lambda_1": 3235.186059160547, "lambda_2": 2837.0749330378194, "d_L": 188.06679121383473, "t_c": -0.09200662136526568, "phase_c": 2.7333739273690196, "cos_iota": -0.7979220399338061, "psi": 2.393283628402585, "ra": 6.06890046677126, "sin_dec": -0.4847778503945084}