{"M_c": 1.4886484621767155, "eta": 0.2347191734627514, "s1_z": 0.018584015992966996, "s2_z": 0.038933077216569925, "lambda_1": 3235.186059160547, "lambda_2": 2837.0749330378194, "d_L": 188.06679121383473, "t_c": -0.09200662136526568, "phase_c": 2.7333739273690196, "iota": 2.494636230600122, "psi": 2.393283628402585, "ra": 6.06890046677126, "dec": -0.5061091592547069, "gmst": 2.7288923786848907}