{"seed": 1506, "f_sampling": 4096, "duration": 128, "post_trigger_duration": 2, "trigger_time": 1187008882.43, "fmin": 20, "fref": 20, "ifos": ["H1", "L1", "V1"], "outdir": "./outdir_TaylorF2_part3/injection_77/", "M_c": 1.32943387709572, "q": 0.7576162476409993, "s1_z": -0.04626202684656819, "s2_z": -0.048681126865664864, "lambda_1": 1451.7601483831681, "lambda_2": 1430.3636017562305, "d_L": 36.002405067346366, "t_c": -0.02859099950250453, "phase_c": 4.4142439525217005, "cos_iota": 0.28586858511780355, "psi": 1.2084912993540708, "ra": 1.6778688535079942, "sin_dec": 0.8496313840887157}