{"M_c": 1.32943387709572, "eta": 0.24524556515130833, "s1_z": -0.04626202684656819, "s2_z": -0.048681126865664864, "lambda_1": 1451.7601483831681, "lambda_2": 1430.3636017562305, "d_L": 36.002405067346366, "t_c": -0.02859099950250453, "phase_c": 4.4142439525217005, "iota": 1.280883610314285, "psi": 1.2084912993540708, "ra": 1.6778688535079942, "dec": 1.0152859388747333, "gmst": 2.7288923786848907}