{"seed": 6284, "f_sampling": 4096, "duration": 128, "post_trigger_duration": 2, "trigger_time": 1187008882.43, "fmin": 20, "fref": 20, "ifos": ["H1", "L1", "V1"], "outdir": "./outdir_TaylorF2_part3/injection_95/", "M_c": 1.9924769524651371, "q": 0.8580677283948623, "s1_z": -0.00016927918381627605, "s2_z": -0.0405110013625133, "lambda_1": 2540.178233333124, "lambda_2": 2551.0003503662365, "d_L": 168.47319114996498, "t_c": -0.07777368651636579, "phase_c": 5.1834892774618, "cos_iota": -0.5203775885034259, "psi": 1.8072210286931385, "ra": 3.4627091825674077, "sin_dec": -0.4646334058873902}