{"M_c": 1.9924769524651371, "eta": 0.2485412554881192, "s1_z": -0.00016927918381627605, "s2_z": -0.0405110013625133, "lambda_1": 2540.178233333124, "lambda_2": 2551.0003503662365, "d_L": 168.47319114996498, "t_c": -0.07777368651636579, "phase_c": 5.1834892774618, "iota": 2.1180893920466515, "psi": 1.8072210286931385, "ra": 3.4627091825674077, "dec": -0.48322057095629195, "gmst": 2.7288923786848907}