{"seed": 3244, "f_sampling": 4096, "duration": 128, "post_trigger_duration": 2, "trigger_time": 1187008882.43, "fmin": 20, "fref": 20, "ifos": ["H1", "L1", "V1"], "outdir": "./outdir/injection_23/", "M_c": 2.2354627856535374, "q": 0.7900703630030625, "s1_z": 0.04110623434167869, "s2_z": 0.035626338150216236, "lambda_1": 12.07904058885212, "lambda_2": 139.33049103899808, "d_L": 210.22621631160231, "t_c": -0.0867301716468887, "phase_c": 4.4310319047473925, "cos_iota": 0.43782132786846395, "psi": 2.2884674725485805, "ra": 1.8244257522210179, "sin_dec": -0.7517314380934979}