{"M_c": 2.2354627856535374, "eta": 0.24656167192281928, "s1_z": 0.04110623434167869, "s2_z": 0.035626338150216236, "lambda_1": 12.07904058885212, "lambda_2": 139.33049103899808, "d_L": 210.22621631160231, "t_c": -0.0867301716468887, "phase_c": 4.4310319047473925, "iota": 1.1176223596817383, "psi": 2.2884674725485805, "ra": 1.8244257522210179, "dec": -0.8506836667958865, "gmst": 2.7288923786848907}