{"seed": 4848, "f_sampling": 4096, "duration": 128, "post_trigger_duration": 2, "trigger_time": 1187008882.43, "fmin": 20, "fref": 20, "ifos": ["H1", "L1", "V1"], "outdir": "./outdir_NRTv2_ref_wf_no_taper/injection_34/", "M_c": 2.3357293475809513, "q": 0.9197921440736656, "s1_z": 0.04540272055105686, "s2_z": -0.013331254686948256, "lambda_1": 3600.972712763893, "lambda_2": 4634.416550109454, "d_L": 95.39110412985367, "t_c": 0.012304441060249346, "phase_c": 5.834130161804609, "cos_iota": -0.7636422912752348, "psi": 2.778991031688379, "ra": 5.438761806470094, "sin_dec": -0.09107231393789639}