{"M_c": 2.3357293475809513, "eta": 0.24956361943259442, "s1_z": 0.04540272055105686, "s2_z": -0.013331254686948256, "lambda_1": 3600.972712763893, "lambda_2": 4634.416550109454, "d_L": 95.39110412985367, "t_c": 0.012304441060249346, "phase_c": 5.834130161804609, "iota": 2.4397321443608346, "psi": 2.778991031688379, "ra": 5.438761806470094, "dec": -0.09119868097809042, "gmst": 2.7288923786848907}