{"seed": 3387, "f_sampling": 4096, "duration": 128, "post_trigger_duration": 2, "trigger_time": 1187008882.43, "fmin": 20, "fref": 20, "ifos": ["H1", "L1", "V1"], "outdir": "./outdir/injection_16/", "M_c": 2.285874630234842, "q": 0.9901934618707026, "s1_z": 0.04086186099047512, "s2_z": 0.015578019365280776, "lambda_1": 482.2699065841296, "lambda_2": 334.9445404804807, "d_L": 198.16930033122708, "t_c": 0.0831965633810712, "phase_c": 5.350356727885553, "cos_iota": -0.5422819466860962, "psi": 0.35162391282778144, "ra": 4.050670091006189, "sin_dec": 0.824208474155588}