{"M_c": 2.285874630234842, "eta": 0.24999393010943924, "s1_z": 0.04086186099047512, "s2_z": 0.015578019365280776, "lambda_1": 482.2699065841296, "lambda_2": 334.9445404804807, "d_L": 198.16930033122708, "t_c": 0.0831965633810712, "phase_c": 5.350356727885553, "iota": 2.1439470308125728, "psi": 0.35162391282778144, "ra": 4.050670091006189, "dec": 0.968803026746382, "gmst": 2.7288923786848907}