{"seed": 6495, "f_sampling": 4096, "duration": 128, "post_trigger_duration": 2, "trigger_time": 1187008882.43, "fmin": 20, "fref": 20, "ifos": ["H1", "L1", "V1"], "outdir": "./outdir_TaylorF2_part3/injection_98/", "M_c": 1.636085949234536, "q": 0.8753148501906538, "s1_z": -0.038713341885446687, "s2_z": 0.04068588943383937, "lambda_1": 3111.4641413742593, "lambda_2": 616.4218735858151, "d_L": 194.52904250243876, "t_c": 0.006674902770637911, "phase_c": 5.2993977614581445, "cos_iota": -0.4075577211457766, "psi": 1.6364777534909434, "ra": 4.544290536073886, "sin_dec": -0.9857366376097785}