{"M_c": 1.636085949234536, "eta": 0.24889485036116302, "s1_z": -0.038713341885446687, "s2_z": 0.04068588943383937, "lambda_1": 3111.4641413742593, "lambda_2": 616.4218735858151, "d_L": 194.52904250243876, "t_c": 0.006674902770637911, "phase_c": 5.2993977614581445, "iota": 1.9905743091393564, "psi": 1.6364777534909434, "ra": 4.544290536073886, "dec": -1.401696361070476, "gmst": 2.7288923786848907}