{"seed": 5637, "f_sampling": 4096, "duration": 128, "post_trigger_duration": 2, "trigger_time": 1187008882.43, "fmin": 20, "fref": 20, "ifos": ["H1", "L1", "V1"], "outdir": "./outdir_NRTv2_ref_wf_no_taper/injection_17/", "M_c": 2.3747286060880346, "q": 0.7365114318164017, "s1_z": 0.03074240439916559, "s2_z": -0.015432002437742266, "lambda_1": 4661.261844403917, "lambda_2": 3238.130852394826, "d_L": 262.46523513028916, "t_c": -0.01829455214606321, "phase_c": 4.35003652518767, "cos_iota": -0.45729283316973834, "psi": 0.9498459680129433, "ra": 5.553264895863461, "sin_dec": -0.7835387691335445}