{"M_c": 2.3747286060880346, "eta": 0.244244165867775, "s1_z": 0.03074240439916559, "s2_z": -0.015432002437742266, "lambda_1": 4661.261844403917, "lambda_2": 3238.130852394826, "d_L": 262.46523513028916, "t_c": -0.01829455214606321, "phase_c": 4.35003652518767, "iota": 2.0457450350137605, "psi": 0.9498459680129433, "ra": 5.553264895863461, "dec": -0.9003408970842061, "gmst": 2.7288923786848907}