{"seed": 1440, "f_sampling": 4096, "duration": 128, "post_trigger_duration": 2, "trigger_time": 1187008882.43, "fmin": 20, "fref": 20, "ifos": ["H1", "L1", "V1"], "outdir": "./outdir_NRTv2_ref_wf_no_taper/injection_62/", "M_c": 1.7117237296003014, "q": 0.598052929113382, "s1_z": -0.03462285222768635, "s2_z": 0.025786861263007013, "lambda_1": 4749.188423535373, "lambda_2": 614.4219333063627, "d_L": 118.91966527258631, "t_c": -0.09040140613628984, "phase_c": 2.146912831412748, "cos_iota": -0.8901908424153713, "psi": 2.422256222703351, "ra": 5.378455414566866, "sin_dec": -0.8903986757510485}