{"M_c": 1.7117237296003014, "eta": 0.23418404480318097, "s1_z": -0.03462285222768635, "s2_z": 0.025786861263007013, "lambda_1": 4749.188423535373, "lambda_2": 614.4219333063627, "d_L": 118.91966527258631, "t_c": -0.09040140613628984, "phase_c": 2.146912831412748, "iota": 2.668560217745225, "psi": 2.422256222703351, "ra": 5.378455414566866, "dec": -1.0982202816671607, "gmst": 2.7288923786848907}