{"seed": 3383, "f_sampling": 4096, "duration": 128, "post_trigger_duration": 2, "trigger_time": 1187008882.43, "fmin": 20, "fref": 20, "ifos": ["H1", "L1", "V1"], "outdir": "./outdir_TaylorF2_part3/injection_87/", "M_c": 1.5454747768709522, "q": 0.9617454130884442, "s1_z": -0.003667096783769176, "s2_z": -0.018396536710757493, "lambda_1": 500.5759640635038, "lambda_2": 1144.059459908312, "d_L": 36.93815766573982, "t_c": -0.07429045224958311, "phase_c": 2.545935792149393, "cos_iota": -0.10645595228769045, "psi": 1.074056477555149, "ra": 0.6904866899845811, "sin_dec": 0.5144109496271951}