{"M_c": 1.5454747768709522, "eta": 0.24990493475970407, "s1_z": -0.003667096783769176, "s2_z": -0.018396536710757493, "lambda_1": 500.5759640635038, "lambda_2": 1144.059459908312, "d_L": 36.93815766573982, "t_c": -0.07429045224958311, "phase_c": 2.545935792149393, "iota": 1.6774543867362697, "psi": 1.074056477555149, "ra": 0.6904866899845811, "dec": 0.5403206034961674, "gmst": 2.7288923786848907}