{"seed": 5506, "f_sampling": 4096, "duration": 128, "post_trigger_duration": 2, "trigger_time": 1187008882.43, "fmin": 20, "fref": 20, "ifos": ["H1", "L1", "V1"], "outdir": "./outdir_TaylorF2_part3/injection_6/", "M_c": 2.333639441078013, "q": 0.5274149410984992, "s1_z": 0.031790720638949124, "s2_z": 0.023298776131601667, "lambda_1": 651.4245389463335, "lambda_2": 4348.41951866062, "d_L": 45.357431573706464, "t_c": 0.06808562653599048, "phase_c": 5.133832026373208, "cos_iota": -0.16585745284004227, "psi": 0.18223839249883889, "ra": 0.739517842024555, "sin_dec": -0.7501236821421287}