{"M_c": 2.333639441078013, "eta": 0.22606761869868025, "s1_z": 0.031790720638949124, "s2_z": 0.023298776131601667, "lambda_1": 651.4245389463335, "lambda_2": 4348.41951866062, "d_L": 45.357431573706464, "t_c": 0.06808562653599048, "phase_c": 5.133832026373208, "iota": 1.7374237702285356, "psi": 0.18223839249883889, "ra": 0.739517842024555, "dec": -0.8482490886328581, "gmst": 2.7288923786848907}