{"seed": 8356, "f_sampling": 4096, "duration": 128, "post_trigger_duration": 2, "trigger_time": 1187008882.43, "fmin": 20, "fref": 20, "ifos": ["H1", "L1", "V1"], "outdir": "./outdir_NRTv2_ref_wf_no_taper/injection_44/", "M_c": 1.4457264668931824, "q": 0.6177668278757631, "s1_z": -0.03626026231954205, "s2_z": 0.02536346135857473, "lambda_1": 4739.897193425788, "lambda_2": 3276.426834534953, "d_L": 261.3752810794397, "t_c": -0.06642283120971156, "phase_c": 1.2322391575315594, "cos_iota": 0.6573283384746009, "psi": 1.9837662955460644, "ra": 3.852326398665856, "sin_dec": -0.2698151418635317}