{"M_c": 1.4457264668931824, "eta": 0.23604387322364964, "s1_z": -0.03626026231954205, "s2_z": 0.02536346135857473, "lambda_1": 4739.897193425788, "lambda_2": 3276.426834534953, "d_L": 261.3752810794397, "t_c": -0.06642283120971156, "phase_c": 1.2322391575315594, "iota": 0.8535282498790064, "psi": 1.9837662955460644, "ra": 3.852326398665856, "dec": -0.273201048105431, "gmst": 2.7288923786848907}