{"seed": 6315, "f_sampling": 4096, "duration": 128, "post_trigger_duration": 2, "trigger_time": 1187008882.43, "fmin": 20, "fref": 20, "ifos": ["H1", "L1", "V1"], "outdir": "./outdir_NRTv2_ref_wf_no_taper/injection_7/", "M_c": 1.4506450375603426, "q": 0.6774266466937837, "s1_z": 0.039999684627765986, "s2_z": -0.03261298236848285, "lambda_1": 3388.8859841358326, "lambda_2": 2831.5362966247453, "d_L": 38.9507452801447, "t_c": 0.06372046858059985, "phase_c": 3.684158976055562, "cos_iota": -0.4319673650420113, "psi": 2.2908602432039697, "ra": 2.061432298006913, "sin_dec": 0.6499192851027829}