{"M_c": 1.4506450375603426, "eta": 0.2407549362303591, "s1_z": 0.039999684627765986, "s2_z": -0.03261298236848285, "lambda_1": 3388.8859841358326, "lambda_2": 2831.5362966247453, "d_L": 38.9507452801447, "t_c": 0.06372046858059985, "phase_c": 3.684158976055562, "iota": 2.0174693492064124, "psi": 2.2908602432039697, "ra": 2.061432298006913, "dec": 0.7074782285424689, "gmst": 2.7288923786848907}