{"seed": 2348, "f_sampling": 4096, "duration": 128, "post_trigger_duration": 2, "trigger_time": 1187008882.43, "fmin": 20, "fref": 20, "ifos": ["H1", "L1", "V1"], "outdir": "./outdir_NRTv2_ref_wf_no_taper/injection_8/", "M_c": 2.1623878633250464, "q": 0.7931562090095359, "s1_z": -0.044363729122534404, "s2_z": 0.03075454606458032, "lambda_1": 2662.21303683134, "lambda_2": 2239.5221454331804, "d_L": 88.77579781204575, "t_c": -0.0012848621186530018, "phase_c": 4.160405548203533, "cos_iota": 0.575247195512026, "psi": 0.2700504507770501, "ra": 3.315865790979253, "sin_dec": 0.051188063671529616}