{"M_c": 2.1623878633250464, "eta": 0.24667349073287687, "s1_z": -0.044363729122534404, "s2_z": 0.03075454606458032, "lambda_1": 2662.21303683134, "lambda_2": 2239.5221454331804, "d_L": 88.77579781204575, "t_c": -0.0012848621186530018, "phase_c": 4.160405548203533, "iota": 0.9578900083171793, "psi": 0.2700504507770501, "ra": 3.315865790979253, "dec": 0.05121044405004138, "gmst": 2.7288923786848907}