{"seed": 8856, "f_sampling": 4096, "duration": 128, "post_trigger_duration": 2, "trigger_time": 1187008882.43, "fmin": 20, "fref": 20, "ifos": ["H1", "L1", "V1"], "outdir": "./outdir_TaylorF2_part3/injection_69/", "M_c": 2.1290771669255406, "q": 0.9246934732480155, "s1_z": -0.002885722628189369, "s2_z": -0.04279771378467945, "lambda_1": 1006.9407365421496, "lambda_2": 1635.6049552471509, "d_L": 78.2975439815073, "t_c": 0.014218143028855448, "phase_c": 2.453261003623795, "cos_iota": 0.03333795535487316, "psi": 2.3031515877900164, "ra": 2.0132945611478745, "sin_dec": -0.4731545651753246}