{"M_c": 2.1290771669255406, "eta": 0.2496172791724838, "s1_z": -0.002885722628189369, "s2_z": -0.04279771378467945, "lambda_1": 1006.9407365421496, "lambda_2": 1635.6049552471509, "d_L": 78.2975439815073, "t_c": 0.014218143028855448, "phase_c": 2.453261003623795, "iota": 1.5374521929417664, "psi": 2.3031515877900164, "ra": 2.0132945611478745, "dec": -0.49286809691735334, "gmst": 2.7288923786848907}