{"seed": 4767, "f_sampling": 4096, "duration": 128, "post_trigger_duration": 2, "trigger_time": 1187008882.43, "fmin": 20, "fref": 20, "ifos": ["H1", "L1", "V1"], "outdir": "./outdir_TaylorF2_part3/injection_91/", "M_c": 2.1116232480862926, "q": 0.5157593221293431, "s1_z": 0.021095045989390937, "s2_z": -0.011676947988430983, "lambda_1": 1141.088713146623, "lambda_2": 2693.775023294291, "d_L": 65.30343381329237, "t_c": -0.04861529272834791, "phase_c": 3.2050732334645273, "cos_iota": 0.7833883301592273, "psi": 1.7276201601024321, "ra": 4.62433563081126, "sin_dec": -0.22434659894083708}