{"M_c": 2.1116232480862926, "eta": 0.22448461941482487, "s1_z": 0.021095045989390937, "s2_z": -0.011676947988430983, "lambda_1": 1141.088713146623, "lambda_2": 2693.775023294291, "d_L": 65.30343381329237, "t_c": -0.04861529272834791, "phase_c": 3.2050732334645273, "iota": 0.6706975118476864, "psi": 1.7276201601024321, "ra": 4.62433563081126, "dec": -0.22627249207372332, "gmst": 2.7288923786848907}