{"seed": 6262, "f_sampling": 4096, "duration": 128, "post_trigger_duration": 2, "trigger_time": 1187008882.43, "fmin": 20, "fref": 20, "ifos": ["H1", "L1", "V1"], "outdir": "./outdir_NRTv2_ref_wf_no_taper/injection_43/", "M_c": 1.2493710074852984, "q": 0.9262562509982126, "s1_z": -0.03610760486057773, "s2_z": 0.00012825178106561086, "lambda_1": 1545.9845391354315, "lambda_2": 508.8404871065544, "d_L": 47.37289312521789, "t_c": 0.07433412567306263, "phase_c": 1.1116163900975753, "cos_iota": 0.16295571699925082, "psi": 1.8556947970108177, "ra": 0.9480587393083155, "sin_dec": -0.5496021134544697}