{"M_c": 1.2493710074852984, "eta": 0.24963359422361564, "s1_z": -0.03610760486057773, "s2_z": 0.00012825178106561086, "lambda_1": 1545.9845391354315, "lambda_2": 508.8404871065544, "d_L": 47.37289312521789, "t_c": 0.07433412567306263, "phase_c": 1.1116163900975753, "iota": 1.4071106499611499, "psi": 1.8556947970108177, "ra": 0.9480587393083155, "dec": -0.5818878956762785, "gmst": 2.7288923786848907}