{"seed": 3438, "f_sampling": 4096, "duration": 128, "post_trigger_duration": 2, "trigger_time": 1187008882.43, "fmin": 20, "fref": 20, "ifos": ["H1", "L1", "V1"], "outdir": "./outdir_TaylorF2_part3/injection_22/", "M_c": 1.9934942417912092, "q": 0.5763877848066488, "s1_z": 0.02168564890768146, "s2_z": -0.03285082028312311, "lambda_1": 3501.65181397711, "lambda_2": 4708.794135648457, "d_L": 31.01396971216406, "t_c": 0.0994383619941597, "phase_c": 4.001008475626422, "cos_iota": -0.11875825811320229, "psi": 0.18618884419456622, "ra": 0.9868279814165316, "sin_dec": 0.8003071173413256}