{"M_c": 1.9934942417912092, "eta": 0.23194693954445766, "s1_z": 0.02168564890768146, "s2_z": -0.03285082028312311, "lambda_1": 3501.65181397711, "lambda_2": 4708.794135648457, "d_L": 31.01396971216406, "t_c": 0.0994383619941597, "phase_c": 4.001008475626422, "iota": 1.6898355232399465, "psi": 0.18618884419456622, "ra": 0.9868279814165316, "dec": 0.9278072550474832, "gmst": 2.7288923786848907}