{"seed": 3489, "f_sampling": 4096, "duration": 128, "post_trigger_duration": 2, "trigger_time": 1187008882.43, "fmin": 20, "fref": 20, "ifos": ["H1", "L1", "V1"], "outdir": "./outdir_TaylorF2_part3/injection_57/", "M_c": 1.1918894763542307, "q": 0.5212832555514719, "s1_z": 0.0379235325867706, "s2_z": -0.0393037742182901, "lambda_1": 4075.8172924839077, "lambda_2": 4566.158704892478, "d_L": 69.67679418344977, "t_c": -0.08694876662780743, "phase_c": 1.7282533683945538, "cos_iota": 0.024417089422325677, "psi": 2.7527137155808403, "ra": 2.9723103495902508, "sin_dec": 0.20508926689798246}