{"M_c": 1.1918894763542307, "eta": 0.22524419373750493, "s1_z": 0.0379235325867706, "s2_z": -0.0393037742182901, "lambda_1": 4075.8172924839077, "lambda_2": 4566.158704892478, "d_L": 69.67679418344977, "t_c": -0.08694876662780743, "phase_c": 1.7282533683945538, "iota": 1.5463768105000053, "psi": 2.7527137155808403, "ra": 2.9723103495902508, "dec": 0.20655491202086826, "gmst": 2.7288923786848907}