{"seed": 7248, "f_sampling": 4096, "duration": 128, "post_trigger_duration": 2, "trigger_time": 1187008882.43, "fmin": 20, "fref": 20, "ifos": ["H1", "L1", "V1"], "outdir": "./outdir_TaylorF2_part3/injection_46/", "M_c": 0.9759649326578, "q": 0.9705892674023164, "s1_z": 0.03862558414176416, "s2_z": 0.01879571126173578, "lambda_1": 4153.415726587075, "lambda_2": 1965.9107052172187, "d_L": 95.91886984643067, "t_c": 0.048477292156510476, "phase_c": 2.610672048379522, "cos_iota": 0.6136434649319311, "psi": 0.7551812716016085, "ra": 1.3496260007403453, "sin_dec": -0.939409897416565}