{"M_c": 0.9759649326578, "eta": 0.24994431227609515, "s1_z": 0.03862558414176416, "s2_z": 0.01879571126173578, "lambda_1": 4153.415726587075, "lambda_2": 1965.9107052172187, "d_L": 95.91886984643067, "t_c": 0.048477292156510476, "phase_c": 2.610672048379522, "iota": 0.9101295489834892, "psi": 0.7551812716016085, "ra": 1.3496260007403453, "dec": -1.2209047850394832, "gmst": 2.7288923786848907}