{"seed": 7239, "f_sampling": 4096, "duration": 128, "post_trigger_duration": 2, "trigger_time": 1187008882.43, "fmin": 20, "fref": 20, "ifos": ["H1", "L1", "V1"], "outdir": "./outdir_NRTv2_ref_wf_no_taper/injection_52/", "M_c": 2.6054088388871186, "q": 0.850387733042149, "s1_z": 0.02743157055575246, "s2_z": -0.0365913102247754, "lambda_1": 320.0054759812232, "lambda_2": 2859.503862890563, "d_L": 179.50940223629, "t_c": 0.04532565328966248, "phase_c": 0.10891271121200446, "cos_iota": 0.2478036961183021, "psi": 0.36315816060827893, "ra": 3.8217264311872725, "sin_dec": 0.40770218764296295}