{"M_c": 2.6054088388871186, "eta": 0.24836563544749635, "s1_z": 0.02743157055575246, "s2_z": -0.0365913102247754, "lambda_1": 320.0054759812232, "lambda_2": 2859.503862890563, "d_L": 179.50940223629, "t_c": 0.04532565328966248, "phase_c": 0.10891271121200446, "iota": 1.3203837426196716, "psi": 0.36315816060827893, "ra": 3.8217264311872725, "dec": 0.4199361895825027, "gmst": 2.7288923786848907}