{"seed": 5715, "f_sampling": 4096, "duration": 128, "post_trigger_duration": 2, "trigger_time": 1187008882.43, "fmin": 20, "fref": 20, "ifos": ["H1", "L1", "V1"], "outdir": "./outdir_NRTv2_new_taper/injection_10/", "M_c": 1.1103485922792005, "q": 0.6315746534557898, "s1_z": 0.017736513437812712, "s2_z": 0.02613244955774252, "lambda_1": 4438.603248470941, "lambda_2": 2509.335550464947, "d_L": 165.2349668815666, "t_c": 0.043222198896192554, "phase_c": 3.6118027035025393, "cos_iota": 0.253949817534034, "psi": 3.0963079773406474, "ra": 4.758450462370286, "sin_dec": -0.5657940437246527}