{"M_c": 1.1103485922792005, "eta": 0.23725249737090778, "s1_z": 0.017736513437812712, "s2_z": 0.02613244955774252, "lambda_1": 4438.603248470941, "lambda_2": 2509.335550464947, "d_L": 165.2349668815666, "t_c": 0.043222198896192554, "phase_c": 3.6118027035025393, "iota": 1.3140345556773703, "psi": 3.0963079773406474, "ra": 4.758450462370286, "dec": -0.6013959422439967, "gmst": 2.7288923786848907}