{"seed": 2653, "f_sampling": 4096, "duration": 128, "post_trigger_duration": 2, "trigger_time": 1187008882.43, "fmin": 20, "fref": 20, "ifos": ["H1", "L1", "V1"], "outdir": "./outdir_NRTv2_ref_wf_no_taper/injection_65/", "M_c": 1.9132941773887622, "q": 0.9059968220989105, "s1_z": 0.006953784859850876, "s2_z": -0.005375159756816503, "lambda_1": 2.499441091604049, "lambda_2": 628.409049547266, "d_L": 195.55330725337856, "t_c": -0.08717284191092778, "phase_c": 4.822853835281942, "cos_iota": 0.06775170560793531, "psi": 0.4118327711798567, "ra": 3.9554804920412567, "sin_dec": 0.16779706501581937}