{"M_c": 1.9132941773887622, "eta": 0.24939189197349204, "s1_z": 0.006953784859850876, "s2_z": -0.005375159756816503, "lambda_1": 2.499441091604049, "lambda_2": 628.409049547266, "d_L": 195.55330725337856, "t_c": -0.08717284191092778, "phase_c": 4.822853835281942, "iota": 1.5029926804545726, "psi": 0.4118327711798567, "ra": 3.9554804920412567, "dec": 0.1685946237410321, "gmst": 2.7288923786848907}