{"seed": 9734, "f_sampling": 4096, "duration": 128, "post_trigger_duration": 2, "trigger_time": 1187008882.43, "fmin": 20, "fref": 20, "ifos": ["H1", "L1", "V1"], "outdir": "./outdir_TaylorF2_part3/injection_35/", "M_c": 1.8321940231126623, "q": 0.5814121550510141, "s1_z": -0.0014712466653861583, "s2_z": 0.01895948963954082, "lambda_1": 4316.030939387052, "lambda_2": 3257.191431815974, "d_L": 48.158446008262395, "t_c": 0.07189091932104127, "phase_c": 1.835422778489612, "cos_iota": 0.35001238876629404, "psi": 0.22186921041721058, "ra": 5.7492802576866975, "sin_dec": -0.6228264526495788}