{"M_c": 1.8321940231126623, "eta": 0.23248447780207887, "s1_z": -0.0014712466653861583, "s2_z": 0.01895948963954082, "lambda_1": 4316.030939387052, "lambda_2": 3257.191431815974, "d_L": 48.158446008262395, "t_c": 0.07189091932104127, "phase_c": 1.835422778489612, "iota": 1.2132119978482128, "psi": 0.22186921041721058, "ra": 5.7492802576866975, "dec": -0.6723502570304323, "gmst": 2.7288923786848907}