{"seed": 5217, "f_sampling": 4096, "duration": 128, "post_trigger_duration": 2, "trigger_time": 1187008882.43, "fmin": 20, "fref": 20, "ifos": ["H1", "L1", "V1"], "outdir": "./outdir_TaylorF2_part3/injection_93/", "M_c": 2.023601747339271, "q": 0.519473046690428, "s1_z": -0.026068499480002075, "s2_z": -0.008905738655863596, "lambda_1": 4075.699780002704, "lambda_2": 4013.3259756406173, "d_L": 129.51796222113697, "t_c": 0.02140842933273787, "phase_c": 0.8603721604355337, "cos_iota": -0.47576282078031773, "psi": 2.2283272213919227, "ra": 3.8680734043493636, "sin_dec": 0.690880782264494}