{"M_c": 2.023601747339271, "eta": 0.2249971501522395, "s1_z": -0.026068499480002075, "s2_z": -0.008905738655863596, "lambda_1": 4075.699780002704, "lambda_2": 4013.3259756406173, "d_L": 129.51796222113697, "t_c": 0.02140842933273787, "phase_c": 0.8603721604355337, "iota": 2.0666274173101296, "psi": 2.2283272213919227, "ra": 3.8680734043493636, "dec": 0.7627066301690605, "gmst": 2.7288923786848907}