{"seed": 4701, "f_sampling": 4096, "duration": 128, "post_trigger_duration": 2, "trigger_time": 1187008882.43, "fmin": 20, "fref": 20, "ifos": ["H1", "L1", "V1"], "outdir": "./outdir_TaylorF2_part3/injection_50/", "M_c": 2.245924416197342, "q": 0.9450457964368408, "s1_z": -0.03594484735096733, "s2_z": 0.0062903810434786905, "lambda_1": 1282.225107691643, "lambda_2": 4237.508914394124, "d_L": 165.2754587635439, "t_c": -0.020415560433814955, "phase_c": 2.3329265347241233, "cos_iota": -0.25584680786163094, "psi": 2.3005206142645602, "ra": 2.2077634882030877, "sin_dec": -0.9202282774027501}