{"M_c": 2.245924416197342, "eta": 0.24980043600823604, "s1_z": -0.03594484735096733, "s2_z": 0.0062903810434786905, "lambda_1": 1282.225107691643, "lambda_2": 4237.508914394124, "d_L": 165.2754587635439, "t_c": -0.020415560433814955, "phase_c": 2.3329265347241233, "iota": 1.829519890817502, "psi": 2.3005206142645602, "ra": 2.2077634882030877, "dec": -1.1686633456100168, "gmst": 2.7288923786848907}