{"seed": 3236, "f_sampling": 4096, "duration": 128, "post_trigger_duration": 2, "trigger_time": 1187008882.43, "fmin": 20, "fref": 20, "ifos": ["H1", "L1", "V1"], "outdir": "./outdir_NRTv2_ref_wf_no_taper/injection_47/", "M_c": 2.280879695227973, "q": 0.8513011451297383, "s1_z": 0.03223771954851534, "s2_z": 0.03052264658401256, "lambda_1": 4025.1414196756796, "lambda_2": 2283.2660200790865, "d_L": 231.24373047644588, "t_c": -0.09221563098533797, "phase_c": 5.012180911699848, "cos_iota": -0.9987510374988144, "psi": 1.6576119587478892, "ra": 3.2547824950071154, "sin_dec": -0.5761372476879134}