{"M_c": 2.280879695227973, "eta": 0.24838712348878839, "s1_z": 0.03223771954851534, "s2_z": 0.03052264658401256, "lambda_1": 4025.1414196756796, "lambda_2": 2283.2660200790865, "d_L": 231.24373047644588, "t_c": -0.09221563098533797, "phase_c": 5.012180911699848, "iota": 3.0916082045608233, "psi": 1.6576119587478892, "ra": 3.2547824950071154, "dec": -0.6139948457822997, "gmst": 2.7288923786848907}