{"seed": 8733, "f_sampling": 4096, "duration": 128, "post_trigger_duration": 2, "trigger_time": 1187008882.43, "fmin": 20, "fref": 20, "ifos": ["H1", "L1", "V1"], "outdir": "./outdir_TaylorF2_part3/injection_94/", "M_c": 1.6031166053945496, "q": 0.7614181441976591, "s1_z": 0.007407544562943812, "s2_z": 0.008619324787144347, "lambda_1": 2566.408173448732, "lambda_2": 381.0374378740294, "d_L": 70.55498897329406, "t_c": -0.08204306795063743, "phase_c": 2.519795361092497, "cos_iota": 0.22587015084063622, "psi": 0.3496581684481426, "ra": 2.9620483511196927, "sin_dec": -0.027057698579498135}