{"M_c": 1.6031166053945496, "eta": 0.24541341018649696, "s1_z": 0.007407544562943812, "s2_z": 0.008619324787144347, "lambda_1": 2566.408173448732, "lambda_2": 381.0374378740294, "d_L": 70.55498897329406, "t_c": -0.08204306795063743, "phase_c": 2.519795361092497, "iota": 1.342960148654225, "psi": 0.3496581684481426, "ra": 2.9620483511196927, "dec": -0.02706100124379587, "gmst": 2.7288923786848907}