{"seed": 7968, "f_sampling": 4096, "duration": 128, "post_trigger_duration": 2, "trigger_time": 1187008882.43, "fmin": 20, "fref": 20, "ifos": ["H1", "L1", "V1"], "outdir": "./outdir_TaylorF2_part3/injection_28/", "M_c": 0.9603839091140355, "q": 0.7154898030577528, "s1_z": 0.023604166025437273, "s2_z": 0.04915341441657815, "lambda_1": 1262.1500867253594, "lambda_2": 4132.291389992079, "d_L": 135.56877232087112, "t_c": 0.051422678254495174, "phase_c": 1.978367706973052, "cos_iota": -0.8223725944659437, "psi": 1.6549109431589852, "ra": 3.3458480123489704, "sin_dec": -0.7471001893323219}