{"M_c": 0.9603839091140355, "eta": 0.24312362742835747, "s1_z": 0.023604166025437273, "s2_z": 0.04915341441657815, "lambda_1": 1262.1500867253594, "lambda_2": 4132.291389992079, "d_L": 135.56877232087112, "t_c": 0.051422678254495174, "phase_c": 1.978367706973052, "iota": 2.536364998021625, "psi": 1.6549109431589852, "ra": 3.3458480123489704, "dec": -0.8436888065267669, "gmst": 2.7288923786848907}