{"seed": 2398, "f_sampling": 4096, "duration": 128, "post_trigger_duration": 2, "trigger_time": 1187008882.43, "fmin": 20, "fref": 20, "ifos": ["H1", "L1", "V1"], "outdir": "./outdir/injection_24/", "M_c": 1.1669347638528733, "q": 0.5281818282032872, "s1_z": 0.03598617179555989, "s2_z": -0.009892699335598033, "lambda_1": 3853.185202158359, "lambda_2": 3069.1774261778646, "d_L": 186.87427064282937, "t_c": -0.08966540989903012, "phase_c": 4.399980036622241, "cos_iota": 0.9369982498519742, "psi": 2.127318401878925, "ra": 5.325665615052535, "sin_dec": -0.47277388042676693}