{"M_c": 1.1669347638528733, "eta": 0.22616916425126973, "s1_z": 0.03598617179555989, "s2_z": -0.009892699335598033, "lambda_1": 3853.185202158359, "lambda_2": 3069.1774261778646, "d_L": 186.87427064282937, "t_c": -0.08966540989903012, "phase_c": 4.399980036622241, "iota": 0.3568602843136172, "psi": 2.127318401878925, "ra": 5.325665615052535, "dec": -0.49243603166955446, "gmst": 2.7288923786848907}