{"seed": 2295, "f_sampling": 4096, "duration": 128, "post_trigger_duration": 2, "trigger_time": 1187008882.43, "fmin": 20, "fref": 20, "ifos": ["H1", "L1", "V1"], "outdir": "./outdir_TaylorF2_part3/injection_73/", "M_c": 1.968995138519415, "q": 0.6938799197210117, "s1_z": 0.0045888413445078075, "s2_z": 0.00018785956945814586, "lambda_1": 3792.7810245257765, "lambda_2": 204.74355470468387, "d_L": 189.0357269820916, "t_c": 0.01984474787808921, "phase_c": 1.4972155887499483, "cos_iota": -0.7843739897082433, "psi": 1.8711610930320668, "ra": 5.7802731702668275, "sin_dec": 0.12084095233014192}