{"M_c": 1.968995138519415, "eta": 0.24183495831182458, "s1_z": 0.0045888413445078075, "s2_z": 0.00018785956945814586, "lambda_1": 3792.7810245257765, "lambda_2": 204.74355470468387, "d_L": 189.0357269820916, "t_c": 0.01984474787808921, "phase_c": 1.4972155887499483, "iota": 2.472482583951909, "psi": 1.8711610930320668, "ra": 5.7802731702668275, "dec": 0.12113699924001232, "gmst": 2.7288923786848907}