{"seed": 304, "f_sampling": 4096, "duration": 128, "post_trigger_duration": 2, "trigger_time": 1187008882.43, "fmin": 20, "fref": 20, "ifos": ["H1", "L1", "V1"], "outdir": "./outdir_NRTv2_ref_wf_no_taper/injection_72/", "M_c": 2.4637313505232505, "q": 0.9201387095131889, "s1_z": -0.04732270049912012, "s2_z": -0.012767353855808551, "lambda_1": 4580.492509330914, "lambda_2": 197.75306313650876, "d_L": 237.88438077082714, "t_c": 0.07156176606255835, "phase_c": 1.7885852062561347, "cos_iota": -0.0190780294681554, "psi": 2.1985076293828554, "ra": 0.48798768530131414, "sin_dec": 0.24528294354769642}