{"M_c": 2.4637313505232505, "eta": 0.24956753850016783, "s1_z": -0.04732270049912012, "s2_z": -0.012767353855808551, "lambda_1": 4580.492509330914, "lambda_2": 197.75306313650876, "d_L": 237.88438077082714, "t_c": 0.07156176606255835, "phase_c": 1.7885852062561347, "iota": 1.5898755137615517, "psi": 2.1985076293828554, "ra": 0.48798768530131414, "dec": 0.24781154116740023, "gmst": 2.7288923786848907}