{"seed": 7258, "f_sampling": 4096, "duration": 128, "post_trigger_duration": 2, "trigger_time": 1187008882.43, "fmin": 20, "fref": 20, "ifos": ["H1", "L1", "V1"], "outdir": "./outdir_TaylorF2_part3/injection_24/", "M_c": 2.4327068074766904, "q": 0.8257421338130997, "s1_z": 0.024648070243592488, "s2_z": -0.013119104908992096, "lambda_1": 740.7010661472285, "lambda_2": 1311.3969170482897, "d_L": 126.2585474349557, "t_c": -0.038793323484962255, "phase_c": 6.014843491338628, "cos_iota": -0.5235005087993931, "psi": 0.5387898081189416, "ra": 5.610236039464364, "sin_dec": 0.6197015446443619}