{"M_c": 2.4327068074766904, "eta": 0.2477225653926244, "s1_z": 0.024648070243592488, "s2_z": -0.013119104908992096, "lambda_1": 740.7010661472285, "lambda_2": 1311.3969170482897, "d_L": 126.2585474349557, "t_c": -0.038793323484962255, "phase_c": 6.014843491338628, "iota": 2.1217505726221186, "psi": 0.5387898081189416, "ra": 5.610236039464364, "dec": 0.6683623694885897, "gmst": 2.7288923786848907}