{"seed": 1094, "f_sampling": 4096, "duration": 128, "post_trigger_duration": 2, "trigger_time": 1187008882.43, "fmin": 20, "fref": 20, "ifos": ["H1", "L1", "V1"], "outdir": "./outdir_TaylorF2_part3/injection_75/", "M_c": 1.416314644827588, "q": 0.6893628720022869, "s1_z": -0.01475279812516217, "s2_z": 0.023904689729286374, "lambda_1": 381.34237409238716, "lambda_2": 4198.164758920903, "d_L": 38.912351057366294, "t_c": -0.005662114323670184, "phase_c": 5.862399855803536, "cos_iota": -0.5349644172970831, "psi": 0.4487080582320146, "ra": 3.7625279410749095, "sin_dec": -0.8298262083826227}