{"M_c": 1.416314644827588, "eta": 0.2415471951456959, "s1_z": -0.01475279812516217, "s2_z": 0.023904689729286374, "lambda_1": 381.34237409238716, "lambda_2": 4198.164758920903, "d_L": 38.912351057366294, "t_c": -0.005662114323670184, "phase_c": 5.862399855803536, "iota": 2.1352619574093867, "psi": 0.4487080582320146, "ra": 3.7625279410749095, "dec": -0.9787961699323569, "gmst": 2.7288923786848907}