{"seed": 4123, "f_sampling": 4096, "duration": 128, "post_trigger_duration": 2, "trigger_time": 1187008882.43, "fmin": 20, "fref": 20, "ifos": ["H1", "L1", "V1"], "outdir": "./outdir_TaylorF2_part3/injection_5/", "M_c": 2.5502582334798047, "q": 0.9306675663062256, "s1_z": -0.04183932960047718, "s2_z": -0.005728755047793722, "lambda_1": 179.95834203794635, "lambda_2": 2340.5284384771994, "d_L": 185.64968131741966, "t_c": 0.0428673835554311, "phase_c": 1.4819364071406982, "cos_iota": 0.6012413772714951, "psi": 0.7090040845291857, "ra": 6.155526812372663, "sin_dec": 0.36831472721496894}