{"M_c": 2.5502582334798047, "eta": 0.24967759787401417, "s1_z": -0.04183932960047718, "s2_z": -0.005728755047793722, "lambda_1": 179.95834203794635, "lambda_2": 2340.5284384771994, "d_L": 185.64968131741966, "t_c": 0.0428673835554311, "phase_c": 1.4819364071406982, "iota": 0.9257425917955683, "psi": 0.7090040845291857, "ra": 6.155526812372663, "dec": 0.37719566461527354, "gmst": 2.7288923786848907}