{"seed": 6732, "f_sampling": 4096, "duration": 128, "post_trigger_duration": 2, "trigger_time": 1187008882.43, "fmin": 20, "fref": 20, "ifos": ["H1", "L1", "V1"], "outdir": "./outdir/injection_11/", "M_c": 1.6279989243259068, "q": 0.9414787523280845, "s1_z": -0.03159886884234314, "s2_z": -0.022210221628317563, "lambda_1": 4950.487143077934, "lambda_2": 4245.646828750987, "d_L": 253.34709602136934, "t_c": 0.053403006155534366, "phase_c": 5.1319322499703155, "cos_iota": -0.920117281342143, "psi": 2.361219457185639, "ra": 2.3208973080857027, "sin_dec": 0.921662566921841}