{"M_c": 1.6279989243259068, "eta": 0.24977285568162522, "s1_z": -0.03159886884234314, "s2_z": -0.022210221628317563, "lambda_1": 4950.487143077934, "lambda_2": 4245.646828750987, "d_L": 253.34709602136934, "t_c": 0.053403006155534366, "phase_c": 5.1319322499703155, "iota": 2.7391761666152887, "psi": 2.361219457185639, "ra": 2.3208973080857027, "dec": 1.1723439585830777, "gmst": 2.7288923786848907}