{"seed": 9443, "f_sampling": 4096, "duration": 128, "post_trigger_duration": 2, "trigger_time": 1187008882.43, "fmin": 20, "fref": 20, "ifos": ["H1", "L1", "V1"], "outdir": "./outdir_TaylorF2_part3/injection_59/", "M_c": 1.3364221556227107, "q": 0.9616408136821671, "s1_z": -0.00146757584941766, "s2_z": -0.040669032717835465, "lambda_1": 4168.7522102995135, "lambda_2": 252.92721694447184, "d_L": 60.01487200114482, "t_c": -0.08274916358150115, "phase_c": 5.174824777111247, "cos_iota": 0.7275425995290485, "psi": 0.7892210982275064, "ra": 4.415605081633556, "sin_dec": 0.025654717541215177}