{"M_c": 1.3364221556227107, "eta": 0.2499044039817335, "s1_z": -0.00146757584941766, "s2_z": -0.040669032717835465, "lambda_1": 4168.7522102995135, "lambda_2": 252.92721694447184, "d_L": 60.01487200114482, "t_c": -0.08274916358150115, "phase_c": 5.174824777111247, "iota": 0.7560631027223524, "psi": 0.7892210982275064, "ra": 4.415605081633556, "dec": 0.0256575325458874, "gmst": 2.7288923786848907}