{"seed": 4554, "f_sampling": 4096, "duration": 128, "post_trigger_duration": 2, "trigger_time": 1187008882.43, "fmin": 20, "fref": 20, "ifos": ["H1", "L1", "V1"], "outdir": "./outdir_TaylorF2_part3/injection_16/", "M_c": 1.8752808892067976, "q": 0.7272509685605528, "s1_z": 0.038493168739165626, "s2_z": -0.04980936511546257, "lambda_1": 4232.784413596775, "lambda_2": 3727.057406636073, "d_L": 215.26361428138787, "t_c": 0.03721464585901421, "phase_c": 3.088075444896498, "cos_iota": -0.9803578359995262, "psi": 1.5720112770157582, "ra": 5.569995779509383, "sin_dec": -0.9938718548000909}