{"M_c": 1.8752808892067976, "eta": 0.24376616141174348, "s1_z": 0.038493168739165626, "s2_z": -0.04980936511546257, "lambda_1": 4232.784413596775, "lambda_2": 3727.057406636073, "d_L": 215.26361428138787, "t_c": 0.03721464585901421, "phase_c": 3.088075444896498, "iota": 2.9430640390943843, "psi": 1.5720112770157582, "ra": 5.569995779509383, "dec": -1.4600315808177302, "gmst": 2.7288923786848907}