{"seed": 7222, "f_sampling": 4096, "duration": 128, "post_trigger_duration": 2, "trigger_time": 1187008882.43, "fmin": 20, "fref": 20, "ifos": ["H1", "L1", "V1"], "outdir": "./outdir_NRTv2_ref_wf_no_taper/injection_64/", "M_c": 2.543158304433925, "q": 0.89540679033004, "s1_z": 0.04691562635313716, "s2_z": -0.01744759206376162, "lambda_1": 819.720851198848, "lambda_2": 1793.167799865505, "d_L": 32.50355008512103, "t_c": -0.06260981642380699, "phase_c": 2.3270003354981226, "cos_iota": 0.8013627499498144, "psi": 0.3260987418352558, "ra": 5.056887591395898, "sin_dec": -0.4555263437796606}