{"M_c": 2.543158304433925, "eta": 0.249238724023028, "s1_z": 0.04691562635313716, "s2_z": -0.01744759206376162, "lambda_1": 819.720851198848, "lambda_2": 1793.167799865505, "d_L": 32.50355008512103, "t_c": -0.06260981642380699, "phase_c": 2.3270003354981226, "iota": 0.6412264074058284, "psi": 0.3260987418352558, "ra": 5.056887591395898, "dec": -0.4729633745744425, "gmst": 2.7288923786848907}