{"seed": 696, "f_sampling": 4096, "duration": 128, "post_trigger_duration": 2, "trigger_time": 1187008882.43, "fmin": 20, "fref": 20, "ifos": ["H1", "L1", "V1"], "outdir": "./outdir_TaylorF2_part3/injection_12/", "M_c": 1.9641882809819706, "q": 0.9166014003699318, "s1_z": -0.018756128944086736, "s2_z": 0.011151514044130395, "lambda_1": 680.103611773068, "lambda_2": 933.263890140561, "d_L": 149.43097696190807, "t_c": 0.059645493446052994, "phase_c": 1.6198433360633584, "cos_iota": -0.9620803402601723, "psi": 0.857116011015247, "ra": 1.7801883076606357, "sin_dec": -0.613107099958667}