{"M_c": 1.9641882809819706, "eta": 0.2495266374202825, "s1_z": -0.018756128944086736, "s2_z": 0.011151514044130395, "lambda_1": 680.103611773068, "lambda_2": 933.263890140561, "d_L": 149.43097696190807, "t_c": 0.059645493446052994, "phase_c": 1.6198433360633584, "iota": 2.8653255252534837, "psi": 0.857116011015247, "ra": 1.7801883076606357, "dec": -0.6599876556152532, "gmst": 2.7288923786848907}