{"seed": 5482, "f_sampling": 4096, "duration": 128, "post_trigger_duration": 2, "trigger_time": 1187008882.43, "fmin": 20, "fref": 20, "ifos": ["H1", "L1", "V1"], "outdir": "./outdir_NRTv2_ref_wf_no_taper/injection_56/", "M_c": 1.8612015206328465, "q": 0.6645825366527067, "s1_z": 0.02198550007909475, "s2_z": -0.04949734977548155, "lambda_1": 3994.62643421347, "lambda_2": 2069.9183512035115, "d_L": 113.60257280780213, "t_c": 0.08167160285079231, "phase_c": 2.287413623168477, "cos_iota": -0.7323977890463249, "psi": 2.2071366486242123, "ra": 4.754688008352468, "sin_dec": -0.567085839922467}