{"M_c": 1.8612015206328465, "eta": 0.23984919041982833, "s1_z": 0.02198550007909475, "s2_z": -0.04949734977548155, "lambda_1": 3994.62643421347, "lambda_2": 2069.9183512035115, "d_L": 113.60257280780213, "t_c": 0.08167160285079231, "phase_c": 2.287413623168477, "iota": 2.3926332582321104, "psi": 2.2071366486242123, "ra": 4.754688008352468, "dec": -0.6029634604809898, "gmst": 2.7288923786848907}