{"seed": 5825, "f_sampling": 4096, "duration": 128, "post_trigger_duration": 2, "trigger_time": 1187008882.43, "fmin": 20, "fref": 20, "ifos": ["H1", "L1", "V1"], "outdir": "./outdir/injection_18/", "M_c": 2.1889702541801896, "q": 0.9099511185182633, "s1_z": 0.0072239918849118095, "s2_z": -0.0017982558123584846, "lambda_1": 4087.178787917083, "lambda_2": 1534.7302981184553, "d_L": 180.5692527652431, "t_c": 0.024901000133199028, "phase_c": 3.030440552418587, "cos_iota": 0.5298391628903243, "psi": 1.4841727019182158, "ra": 5.235528780193873, "sin_dec": -0.9048752654640881}