{"M_c": 2.1889702541801896, "eta": 0.2494442849620771, "s1_z": 0.0072239918849118095, "s2_z": -0.0017982558123584846, "lambda_1": 4087.178787917083, "lambda_2": 1534.7302981184553, "d_L": 180.5692527652431, "t_c": 0.024901000133199028, "phase_c": 3.030440552418587, "iota": 1.0123854171432305, "psi": 1.4841727019182158, "ra": 5.235528780193873, "dec": -1.1310866036381597, "gmst": 2.7288923786848907}