{"seed": 6832, "f_sampling": 4096, "duration": 128, "post_trigger_duration": 2, "trigger_time": 1187008882.43, "fmin": 20, "fref": 20, "ifos": ["H1", "L1", "V1"], "outdir": "./outdir_NRTv2_ref_wf_no_taper/injection_93/", "M_c": 1.3484635501359572, "q": 0.5279277662242714, "s1_z": 0.043460067378184156, "s2_z": 0.03875596939776631, "lambda_1": 2834.7922698751527, "lambda_2": 4845.571852301333, "d_L": 262.362105004794, "t_c": 0.06311632924343388, "phase_c": 4.536644305178075, "cos_iota": -0.8809121664736428, "psi": 1.58759376063366, "ra": 3.85990119241234, "sin_dec": -0.39109992547474315}