{"M_c": 1.3484635501359572, "eta": 0.2261355584323894, "s1_z": 0.043460067378184156, "s2_z": 0.03875596939776631, "lambda_1": 2834.7922698751527, "lambda_2": 4845.571852301333, "d_L": 262.362105004794, "t_c": 0.06311632924343388, "phase_c": 4.536644305178075, "iota": 2.6485824141051832, "psi": 1.58759376063366, "ra": 3.85990119241234, "dec": -0.4018264084753655, "gmst": 2.7288923786848907}