{"seed": 5205, "f_sampling": 4096, "duration": 128, "post_trigger_duration": 2, "trigger_time": 1187008882.43, "fmin": 20, "fref": 20, "ifos": ["H1", "L1", "V1"], "outdir": "./outdir_NRTv2_ref_wf_no_taper/injection_92/", "M_c": 1.6464047921887253, "q": 0.6326769449625501, "s1_z": -0.0059731797867428535, "s2_z": -0.04680867732793187, "lambda_1": 3570.4163054617675, "lambda_2": 1114.8944567502128, "d_L": 115.15834711995412, "t_c": -0.02593583663296649, "phase_c": 3.577131526437129, "cos_iota": -0.5600168945763953, "psi": 3.0144622663844824, "ra": 4.027040865169093, "sin_dec": -0.8273084366463737}