{"M_c": 1.6464047921887253, "eta": 0.23734576592028822, "s1_z": -0.0059731797867428535, "s2_z": -0.04680867732793187, "lambda_1": 3570.4163054617675, "lambda_2": 1114.8944567502128, "d_L": 115.15834711995412, "t_c": -0.02593583663296649, "phase_c": 3.577131526437129, "iota": 2.165202518882365, "psi": 3.0144622663844824, "ra": 4.027040865169093, "dec": -0.974299232522745, "gmst": 2.7288923786848907}