{"seed": 5016, "f_sampling": 4096, "duration": 128, "post_trigger_duration": 2, "trigger_time": 1187008882.43, "fmin": 20, "fref": 20, "ifos": ["H1", "L1", "V1"], "outdir": "./outdir_TaylorF2_part3/injection_20/", "M_c": 1.2229120034096006, "q": 0.5415403770138029, "s1_z": 0.008706789077285892, "s2_z": 0.03366716603213779, "lambda_1": 953.1411575658777, "lambda_2": 3081.410296332808, "d_L": 107.19157533194631, "t_c": -0.08288461787453748, "phase_c": 0.0024100274890226426, "cos_iota": 0.4124483842992386, "psi": 1.3294276466938697, "ra": 3.809112164995082, "sin_dec": -0.7606414845120999}