{"M_c": 1.2229120034096006, "eta": 0.2278877780223967, "s1_z": 0.008706789077285892, "s2_z": 0.03366716603213779, "lambda_1": 953.1411575658777, "lambda_2": 3081.410296332808, "d_L": 107.19157533194631, "t_c": -0.08288461787453748, "phase_c": 0.0024100274890226426, "iota": 1.145656259642715, "psi": 1.3294276466938697, "ra": 3.809112164995082, "dec": -0.8643007014976698, "gmst": 2.7288923786848907}