{"seed": 2966, "f_sampling": 4096, "duration": 128, "post_trigger_duration": 2, "trigger_time": 1187008882.43, "fmin": 20, "fref": 20, "ifos": ["H1", "L1", "V1"], "outdir": "./outdir/injection_21/", "M_c": 1.4259011918788191, "q": 0.5224235689679294, "s1_z": -0.023524795433801118, "s2_z": 0.04060408066654257, "lambda_1": 1202.606328956814, "lambda_2": 1292.4121248389474, "d_L": 226.61166536553029, "t_c": 0.06057158690800771, "phase_c": 6.030454999569775, "cos_iota": 0.8264733640025004, "psi": 0.0947681211591356, "ra": 3.916928562344858, "sin_dec": -0.9326280292302946}