{"M_c": 1.4259011918788191, "eta": 0.22539888548431503, "s1_z": -0.023524795433801118, "s2_z": 0.04060408066654257, "lambda_1": 1202.606328956814, "lambda_2": 1292.4121248389474, "d_L": 226.61166536553029, "t_c": 0.06057158690800771, "phase_c": 6.030454999569775, "iota": 0.5979820322015185, "psi": 0.0947681211591356, "ra": 3.916928562344858, "dec": -1.20162872117874, "gmst": 2.7288923786848907}