{"seed": 7412, "f_sampling": 4096, "duration": 128, "post_trigger_duration": 2, "trigger_time": 1187008882.43, "fmin": 20, "fref": 20, "ifos": ["H1", "L1", "V1"], "outdir": "./outdir_NRTv2_ref_wf_no_taper/injection_41/", "M_c": 2.2633888559969497, "q": 0.7770938941003893, "s1_z": 0.025712013291924532, "s2_z": 0.003049513777332369, "lambda_1": 1608.2902569934477, "lambda_2": 1325.2547314897668, "d_L": 277.3428304806886, "t_c": 0.01967419763631055, "phase_c": 3.8351329625747557, "cos_iota": -0.4821655189769001, "psi": 2.969671578468721, "ra": 2.4744244312444765, "sin_dec": 0.9579183930222632}