{"M_c": 2.2633888559969497, "eta": 0.2460666445987283, "s1_z": 0.025712013291924532, "s2_z": 0.003049513777332369, "lambda_1": 1608.2902569934477, "lambda_2": 1325.2547314897668, "d_L": 277.3428304806886, "t_c": 0.01967419763631055, "phase_c": 3.8351329625747557, "iota": 2.073921190133319, "psi": 2.969671578468721, "ra": 2.4744244312444765, "dec": 1.2796602483122652, "gmst": 2.7288923786848907}