{"seed": 5521, "f_sampling": 4096, "duration": 128, "post_trigger_duration": 2, "trigger_time": 1187008882.43, "fmin": 20, "fref": 20, "ifos": ["H1", "L1", "V1"], "outdir": "./outdir_TaylorF2_part3/injection_14/", "M_c": 2.023433855742587, "q": 0.5213576161441538, "s1_z": 0.03791475494029367, "s2_z": -0.0146179490874244, "lambda_1": 4662.144080799146, "lambda_2": 3702.4927648285293, "d_L": 260.3298330716907, "t_c": 0.01103962763471171, "phase_c": 2.4653514205941147, "cos_iota": 0.9150488679110989, "psi": 0.68048900249533, "ra": 1.2931679226487311, "sin_dec": 0.19389560110702497}