{"M_c": 2.023433855742587, "eta": 0.2252543031433869, "s1_z": 0.03791475494029367, "s2_z": -0.0146179490874244, "lambda_1": 4662.144080799146, "lambda_2": 3702.4927648285293, "d_L": 260.3298330716907, "t_c": 0.01103962763471171, "phase_c": 2.4653514205941147, "iota": 0.41516726554239525, "psi": 0.68048900249533, "ra": 1.2931679226487311, "dec": 0.19513156121345707, "gmst": 2.7288923786848907}