{"seed": 9545, "f_sampling": 4096, "duration": 128, "post_trigger_duration": 2, "trigger_time": 1187008882.43, "fmin": 20, "fref": 20, "ifos": ["H1", "L1", "V1"], "outdir": "./outdir_TaylorF2_part3/injection_53/", "M_c": 1.8935126867987706, "q": 0.848633002308121, "s1_z": -0.02216540330669674, "s2_z": -0.012333823072655084, "lambda_1": 428.721859749866, "lambda_2": 436.20363358008285, "d_L": 56.48904357086581, "t_c": 0.031510738103891905, "phase_c": 6.156777186031849, "cos_iota": 0.17023720965693623, "psi": 2.0761211109799476, "ra": 1.9992752788504649, "sin_dec": 0.9147446544929694}