{"M_c": 1.8935126867987706, "eta": 0.24832389586025685, "s1_z": -0.02216540330669674, "s2_z": -0.012333823072655084, "lambda_1": 428.721859749866, "lambda_2": 436.20363358008285, "d_L": 56.48904357086581, "t_c": 0.031510738103891905, "phase_c": 6.156777186031849, "iota": 1.3997259391981995, "psi": 2.0761211109799476, "ra": 1.9992752788504649, "dec": 1.1548754752762378, "gmst": 2.7288923786848907}