{"seed": 7033, "f_sampling": 4096, "duration": 128, "post_trigger_duration": 2, "trigger_time": 1187008882.43, "fmin": 20, "fref": 20, "ifos": ["H1", "L1", "V1"], "outdir": "./outdir_NRTv2_ref_wf_no_taper/injection_91/", "M_c": 1.6402267948208669, "q": 0.6471403936865114, "s1_z": 0.03474772313253237, "s2_z": -0.041494057592804716, "lambda_1": 1028.6606637059708, "lambda_2": 2500.716593048948, "d_L": 64.87036888327731, "t_c": -0.04461759050218266, "phase_c": 5.279314329417755, "cos_iota": -0.09288256994818389, "psi": 3.0805319194443355, "ra": 4.651146372798851, "sin_dec": -0.4822516190866759}