{"M_c": 1.6402267948208669, "eta": 0.23852685020966505, "s1_z": 0.03474772313253237, "s2_z": -0.041494057592804716, "lambda_1": 1028.6606637059708, "lambda_2": 2500.716593048948, "d_L": 64.87036888327731, "t_c": -0.04461759050218266, "phase_c": 5.279314329417755, "iota": 1.6638129702164655, "psi": 3.0805319194443355, "ra": 4.651146372798851, "dec": -0.5032231448022148, "gmst": 2.7288923786848907}