{"seed": 7994, "f_sampling": 4096, "duration": 128, "post_trigger_duration": 2, "trigger_time": 1187008882.43, "fmin": 20, "fref": 20, "ifos": ["H1", "L1", "V1"], "outdir": "./outdir_NRTv2_ref_wf_no_taper/injection_46/", "M_c": 0.9705977761187182, "q": 0.63441986858691, "s1_z": 0.04860101271368891, "s2_z": -0.009650339454552362, "lambda_1": 4912.520180472012, "lambda_2": 1449.2499371546862, "d_L": 183.20376510924254, "t_c": -0.017094947230238675, "phase_c": 5.608794815977474, "cos_iota": -0.7114800706846391, "psi": 0.41996132164124417, "ra": 3.925887915466128, "sin_dec": 0.07657804576081761}