{"M_c": 0.9705977761187182, "eta": 0.23749228687632493, "s1_z": 0.04860101271368891, "s2_z": -0.009650339454552362, "lambda_1": 4912.520180472012, "lambda_2": 1449.2499371546862, "d_L": 183.20376510924254, "t_c": -0.017094947230238675, "phase_c": 5.608794815977474, "iota": 2.362398540369453, "psi": 0.41996132164124417, "ra": 3.925887915466128, "dec": 0.07665308875229092, "gmst": 2.7288923786848907}