{"seed": 6337, "f_sampling": 4096, "duration": 128, "post_trigger_duration": 2, "trigger_time": 1187008882.43, "fmin": 20, "fref": 20, "ifos": ["H1", "L1", "V1"], "outdir": "./outdir_NRTv2_ref_wf_no_taper/injection_1/", "M_c": 1.208205398743279, "q": 0.5347910958965686, "s1_z": -0.011452823282350977, "s2_z": 0.012560510080750723, "lambda_1": 932.0134088008231, "lambda_2": 4033.336538659182, "d_L": 45.27758636034587, "t_c": 0.012755092664327533, "phase_c": 2.15493690121067, "cos_iota": 0.945217831075178, "psi": 1.9529834870467826, "ra": 3.6016878506397587, "sin_dec": -0.916503667892705}