{"M_c": 1.208205398743279, "eta": 0.22703124243492925, "s1_z": -0.011452823282350977, "s2_z": 0.012560510080750723, "lambda_1": 932.0134088008231, "lambda_2": 4033.336538659182, "d_L": 45.27758636034587, "t_c": 0.012755092664327533, "phase_c": 2.15493690121067, "iota": 0.3325350751046471, "psi": 1.9529834870467826, "ra": 3.6016878506397587, "dec": -1.1592508039233778, "gmst": 2.7288923786848907}