{"seed": 2810, "f_sampling": 4096, "duration": 128, "post_trigger_duration": 2, "trigger_time": 1187008882.43, "fmin": 20, "fref": 20, "ifos": ["H1", "L1", "V1"], "outdir": "./outdir_TaylorF2_part3/injection_92/", "M_c": 1.7668324502674988, "q": 0.6917234156809577, "s1_z": 0.04204802710387644, "s2_z": 0.0452325865809958, "lambda_1": 3225.4377364079382, "lambda_2": 4798.56229811609, "d_L": 38.60482117598471, "t_c": -0.08686150943910576, "phase_c": 1.0858082788719068, "cos_iota": 0.5767797959937249, "psi": 1.7924939495097505, "ra": 3.3775347896036507, "sin_dec": -0.27555695010260295}