{"M_c": 1.7668324502674988, "eta": 0.24169838928379278, "s1_z": 0.04204802710387644, "s2_z": 0.0452325865809958, "lambda_1": 3225.4377364079382, "lambda_2": 4798.56229811609, "d_L": 38.60482117598471, "t_c": -0.08686150943910576, "phase_c": 1.0858082788719068, "iota": 0.9560151297970051, "psi": 1.7924939495097505, "ra": 3.3775347896036507, "dec": -0.27916903530277415, "gmst": 2.7288923786848907}