{"seed": 7803, "f_sampling": 4096, "duration": 128, "post_trigger_duration": 2, "trigger_time": 1187008882.43, "fmin": 20, "fref": 20, "ifos": ["H1", "L1", "V1"], "outdir": "./outdir_NRTv2_ref_wf_no_taper/injection_9/", "M_c": 2.1389810426465488, "q": 0.6438465917773999, "s1_z": -0.04626047107517024, "s2_z": 0.02498113086645541, "lambda_1": 2790.3826106401234, "lambda_2": 600.578478642661, "d_L": 172.4720865767017, "t_c": -0.029384956122105926, "phase_c": 4.063464301788409, "cos_iota": 0.8631183107964964, "psi": 1.8389251842123984, "ra": 5.737834152756662, "sin_dec": 0.13169195499230058}