{"M_c": 2.1389810426465488, "eta": 0.2382647688880015, "s1_z": -0.04626047107517024, "s2_z": 0.02498113086645541, "lambda_1": 2790.3826106401234, "lambda_2": 600.578478642661, "d_L": 172.4720865767017, "t_c": -0.029384956122105926, "phase_c": 4.063464301788409, "iota": 0.5293840089863009, "psi": 1.8389251842123984, "ra": 5.737834152756662, "dec": 0.1320756072865372, "gmst": 2.7288923786848907}