{"seed": 21, "f_sampling": 4096, "duration": 128, "post_trigger_duration": 2, "trigger_time": 1187008882.43, "fmin": 20, "fref": 20, "ifos": ["H1", "L1", "V1"], "outdir": "./outdir_TaylorF2_part3/injection_1/", "M_c": 2.254833950541282, "q": 0.9117055146538313, "s1_z": -0.04704042374480545, "s2_z": -0.043328619469148115, "lambda_1": 4544.600999069432, "lambda_2": 1006.7753885883346, "d_L": 160.29493641888916, "t_c": -0.0807752327668015, "phase_c": 0.9143902112271699, "cos_iota": -0.5382356614372468, "psi": 3.008938164539287, "ra": 5.9457473923806745, "sin_dec": 0.8558990950042815}