{"M_c": 2.254833950541282, "eta": 0.24946670786136949, "s1_z": -0.04704042374480545, "s2_z": -0.043328619469148115, "lambda_1": 4544.600999069432, "lambda_2": 1006.7753885883346, "d_L": 160.29493641888916, "t_c": -0.0807752327668015, "phase_c": 0.9143902112271699, "iota": 2.1391385944698076, "psi": 3.008938164539287, "ra": 5.9457473923806745, "dec": 1.027286927767003, "gmst": 2.7288923786848907}