{"seed": 4368, "f_sampling": 4096, "duration": 128, "post_trigger_duration": 2, "trigger_time": 1187008882.43, "fmin": 20, "fref": 20, "ifos": ["H1", "L1", "V1"], "outdir": "./outdir_NRTv2_ref_wf_no_taper/injection_80/", "M_c": 1.811922963992401, "q": 0.976838783124488, "s1_z": 0.049775464096852254, "s2_z": -0.03672472356025891, "lambda_1": 1115.9476694710113, "lambda_2": 1515.938347994024, "d_L": 166.6115027020537, "t_c": -0.08266021195605547, "phase_c": 3.0664185529681514, "cos_iota": -0.7165398302914676, "psi": 2.5567428776950925, "ra": 0.6593451513693576, "sin_dec": -0.8034609107250232}