{"M_c": 1.811922963992401, "eta": 0.24996568213594644, "s1_z": 0.049775464096852254, "s2_z": -0.03672472356025891, "lambda_1": 1115.9476694710113, "lambda_2": 1515.938347994024, "d_L": 166.6115027020537, "t_c": -0.08266021195605547, "phase_c": 3.0664185529681514, "iota": 2.369625433735657, "psi": 2.5567428776950925, "ra": 0.6593451513693576, "dec": -0.9330857886467219, "gmst": 2.7288923786848907}