{"seed": 4989, "f_sampling": 4096, "duration": 128, "post_trigger_duration": 2, "trigger_time": 1187008882.43, "fmin": 20, "fref": 20, "ifos": ["H1", "L1", "V1"], "outdir": "./outdir_NRTv2_ref_wf_no_taper/injection_88/", "M_c": 2.299260694359674, "q": 0.8751883214093688, "s1_z": -0.047954713304442176, "s2_z": 0.04897499926897757, "lambda_1": 210.20762438384023, "lambda_2": 4594.998799643967, "d_L": 88.12868510405599, "t_c": 0.0397233792130936, "phase_c": 2.1373175079370057, "cos_iota": 0.8059753155556371, "psi": 2.2978881014668775, "ra": 2.3628982474204716, "sin_dec": -0.8830179572409136}