{"M_c": 2.299260694359674, "eta": 0.24889245679331334, "s1_z": -0.047954713304442176, "s2_z": 0.04897499926897757, "lambda_1": 210.20762438384023, "lambda_2": 4594.998799643967, "d_L": 88.12868510405599, "t_c": 0.0397233792130936, "phase_c": 2.1373175079370057, "iota": 0.6334750677918785, "psi": 2.2978881014668775, "ra": 2.3628982474204716, "dec": -1.0822540373335783, "gmst": 2.7288923786848907}