{"seed": 4068, "f_sampling": 4096, "duration": 128, "post_trigger_duration": 2, "trigger_time": 1187008882.43, "fmin": 20, "fref": 20, "ifos": ["H1", "L1", "V1"], "outdir": "./outdir_TaylorF2_part3/injection_26/", "M_c": 2.172751770558066, "q": 0.7882373261703142, "s1_z": 0.024748470329639588, "s2_z": -0.014173964192629784, "lambda_1": 1459.2080032356814, "lambda_2": 195.03770674524245, "d_L": 180.04991717554822, "t_c": -0.019762639804104393, "phase_c": 5.914612477222398, "cos_iota": 0.5717827065230807, "psi": 2.0811771452937773, "ra": 1.3749664390977157, "sin_dec": 0.6807624361170135}