{"M_c": 2.172751770558066, "eta": 0.24649418882431243, "s1_z": 0.024748470329639588, "s2_z": -0.014173964192629784, "lambda_1": 1459.2080032356814, "lambda_2": 195.03770674524245, "d_L": 180.04991717554822, "t_c": -0.019762639804104393, "phase_c": 5.914612477222398, "iota": 0.9621191539692405, "psi": 2.0811771452937773, "ra": 1.3749664390977157, "dec": 0.748802994252031, "gmst": 2.7288923786848907}