{"seed": 3144, "f_sampling": 4096, "duration": 128, "post_trigger_duration": 2, "trigger_time": 1187008882.43, "fmin": 20, "fref": 20, "ifos": ["H1", "L1", "V1"], "outdir": "./outdir_TaylorF2_part3/injection_31/", "M_c": 2.2697847040164234, "q": 0.6315573429960317, "s1_z": 0.045939320838522466, "s2_z": -0.036415411083815755, "lambda_1": 223.84194591201222, "lambda_2": 2866.616579544327, "d_L": 268.0794561214269, "t_c": -0.08893661956799487, "phase_c": 0.8879764645420175, "cos_iota": -0.9416099719521895, "psi": 1.659662333123111, "ra": 4.272750087249248, "sin_dec": -0.29547635504765135}