{"M_c": 2.2697847040164234, "eta": 0.23725102893712327, "s1_z": 0.045939320838522466, "s2_z": -0.036415411083815755, "lambda_1": 223.84194591201222, "lambda_2": 2866.616579544327, "d_L": 268.0794561214269, "t_c": -0.08893661956799487, "phase_c": 0.8879764645420175, "iota": 2.798176643605382, "psi": 1.659662333123111, "ra": 4.272750087249248, "dec": -0.29995409857900224, "gmst": 2.7288923786848907}