{"seed": 5200, "f_sampling": 4096, "duration": 128, "post_trigger_duration": 2, "trigger_time": 1187008882.43, "fmin": 20, "fref": 20, "ifos": ["H1", "L1", "V1"], "outdir": "./outdir_TaylorF2_part3/injection_55/", "M_c": 2.3699185689334827, "q": 0.7315893313937418, "s1_z": -0.03221458844476027, "s2_z": 0.017416940448049423, "lambda_1": 4748.842255011927, "lambda_2": 1718.9725854036808, "d_L": 91.20948201700608, "t_c": 0.022865338954142, "phase_c": 4.608142810305159, "cos_iota": -0.3813549344420102, "psi": 2.4326434393752354, "ra": 4.936493760440781, "sin_dec": -0.8734123875235102}