{"M_c": 2.3699185689334827, "eta": 0.24399310896854243, "s1_z": -0.03221458844476027, "s2_z": 0.017416940448049423, "lambda_1": 4748.842255011927, "lambda_2": 1718.9725854036808, "d_L": 91.20948201700608, "t_c": 0.022865338954142, "phase_c": 4.608142810305159, "iota": 1.9620578801919941, "psi": 2.4326434393752354, "ra": 4.936493760440781, "dec": -1.0621661138209704, "gmst": 2.7288923786848907}