{"seed": 5384, "f_sampling": 4096, "duration": 128, "post_trigger_duration": 2, "trigger_time": 1187008882.43, "fmin": 20, "fref": 20, "ifos": ["H1", "L1", "V1"], "outdir": "./outdir/injection_17/", "M_c": 2.356680316762213, "q": 0.7038415000125251, "s1_z": 0.03234315407105254, "s2_z": -0.013158616590910215, "lambda_1": 1499.929824452203, "lambda_2": 4618.060592942816, "d_L": 79.44625166826702, "t_c": -0.07782576857386919, "phase_c": 0.6031762602979717, "cos_iota": -0.5744580258454297, "psi": 0.23895993074536398, "ra": 5.292799004993283, "sin_dec": -0.42787635194299756}