{"M_c": 2.356680316762213, "eta": 0.24244681663257617, "s1_z": 0.03234315407105254, "s2_z": -0.013158616590910215, "lambda_1": 1499.929824452203, "lambda_2": 4618.060592942816, "d_L": 79.44625166826702, "t_c": -0.07782576857386919, "phase_c": 0.6031762602979717, "iota": 2.182738193068413, "psi": 0.23895993074536398, "ra": 5.292799004993283, "dec": -0.44214187545990974, "gmst": 2.7288923786848907}