{"seed": 8922, "f_sampling": 4096, "duration": 128, "post_trigger_duration": 2, "trigger_time": 1187008882.43, "fmin": 20, "fref": 20, "ifos": ["H1", "L1", "V1"], "outdir": "./outdir_TaylorF2_part3/injection_9/", "M_c": 1.049718674407195, "q": 0.8905548026118311, "s1_z": 0.029215755233039348, "s2_z": 0.0014972484425354593, "lambda_1": 3018.6110340370274, "lambda_2": 2697.238942071122, "d_L": 178.3182559546075, "t_c": 0.017900688478138055, "phase_c": 5.667019817745415, "cos_iota": 0.8696096787623513, "psi": 0.9783026335430338, "ra": 5.078753745281881, "sin_dec": -0.14224143889790697}