{"M_c": 1.049718674407195, "eta": 0.24916217197288607, "s1_z": 0.029215755233039348, "s2_z": 0.0014972484425354593, "lambda_1": 3018.6110340370274, "lambda_2": 2697.238942071122, "d_L": 178.3182559546075, "t_c": 0.017900688478138055, "phase_c": 5.667019817745415, "iota": 0.5163850977830754, "psi": 0.9783026335430338, "ra": 5.078753745281881, "dec": -0.14272551230971509, "gmst": 2.7288923786848907}