{"seed": 2179, "f_sampling": 4096, "duration": 128, "post_trigger_duration": 2, "trigger_time": 1187008882.43, "fmin": 20, "fref": 20, "ifos": ["H1", "L1", "V1"], "outdir": "./outdir_NRTv2_ref_wf_no_taper/injection_77/", "M_c": 1.2803930283343026, "q": 0.5067696033440883, "s1_z": -0.01580991564240937, "s2_z": -0.022872095260696612, "lambda_1": 2335.6162255933436, "lambda_2": 4967.491177020247, "d_L": 297.0047129349861, "t_c": 0.061160602364221495, "phase_c": 6.006033616418796, "cos_iota": 0.9455767078287873, "psi": 2.2674628608066842, "ra": 3.565659921095127, "sin_dec": -0.8926471089463235}