{"M_c": 1.2803930283343026, "eta": 0.22321164938722746, "s1_z": -0.01580991564240937, "s2_z": -0.022872095260696612, "lambda_1": 2335.6162255933436, "lambda_2": 4967.491177020247, "d_L": 297.0047129349861, "t_c": 0.061160602364221495, "phase_c": 6.006033616418796, "iota": 0.33143395530531394, "psi": 2.2674628608066842, "ra": 3.565659921095127, "dec": -1.1031840415671685, "gmst": 2.7288923786848907}