{"seed": 7387, "f_sampling": 4096, "duration": 128, "post_trigger_duration": 2, "trigger_time": 1187008882.43, "fmin": 20, "fref": 20, "ifos": ["H1", "L1", "V1"], "outdir": "./outdir_TaylorF2_part3/injection_39/", "M_c": 2.419194711549992, "q": 0.8969139299080391, "s1_z": -0.01619627549249366, "s2_z": -0.0009095706624607583, "lambda_1": 3417.5125446416478, "lambda_2": 330.1459035207427, "d_L": 86.25059959270169, "t_c": 0.018593577224329125, "phase_c": 0.4091829693084026, "cos_iota": 0.15573696904957712, "psi": 0.09236070653476051, "ra": 4.194410974314081, "sin_dec": 0.2045515804403606}