{"M_c": 2.419194711549992, "eta": 0.24926167984499684, "s1_z": -0.01619627549249366, "s2_z": -0.0009095706624607583, "lambda_1": 3417.5125446416478, "lambda_2": 330.1459035207427, "d_L": 86.25059959270169, "t_c": 0.018593577224329125, "phase_c": 0.4091829693084026, "iota": 1.4144228450508767, "psi": 0.09236070653476051, "ra": 4.194410974314081, "dec": 0.2060055794680916, "gmst": 2.7288923786848907}