{"seed": 9194, "f_sampling": 4096, "duration": 128, "post_trigger_duration": 2, "trigger_time": 1187008882.43, "fmin": 20, "fref": 20, "ifos": ["H1", "L1", "V1"], "outdir": "./outdir_TaylorF2_part3/injection_38/", "M_c": 2.141498952087407, "q": 0.7073015025055117, "s1_z": 0.003190044077396967, "s2_z": -0.04212196865424243, "lambda_1": 4001.805911509275, "lambda_2": 1662.9200964102513, "d_L": 118.40048019698598, "t_c": -0.0835539976238897, "phase_c": 4.963134559864585, "cos_iota": -0.5753379197276276, "psi": 2.8176889706054244, "ra": 4.309101094796886, "sin_dec": -0.4644327240956829}