{"M_c": 2.141498952087407, "eta": 0.2426521454690654, "s1_z": 0.003190044077396967, "s2_z": -0.04212196865424243, "lambda_1": 4001.805911509275, "lambda_2": 1662.9200964102513, "d_L": 118.40048019698598, "t_c": -0.0835539976238897, "phase_c": 4.963134559864585, "iota": 2.183813562160656, "psi": 2.8176889706054244, "ra": 4.309101094796886, "dec": -0.4829939541829139, "gmst": 2.7288923786848907}