{"seed": 1433, "f_sampling": 4096, "duration": 128, "post_trigger_duration": 2, "trigger_time": 1187008882.43, "fmin": 20, "fref": 20, "ifos": ["H1", "L1", "V1"], "outdir": "./outdir_NRTv2_ref_wf_no_taper/injection_16/", "M_c": 1.440847759681486, "q": 0.8615984048591452, "s1_z": -0.025278041630974937, "s2_z": 0.019720013802853625, "lambda_1": 220.9944241832945, "lambda_2": 4852.498875007739, "d_L": 203.4967664667615, "t_c": -0.0309087923657565, "phase_c": 0.02821058838471101, "cos_iota": -0.8118633454987885, "psi": 1.5638413795527804, "ra": 3.470001360366195, "sin_dec": -0.3408296624525291}