{"M_c": 1.440847759681486, "eta": 0.24861818404295327, "s1_z": -0.025278041630974937, "s2_z": 0.019720013802853625, "lambda_1": 220.9944241832945, "lambda_2": 4852.498875007739, "d_L": 203.4967664667615, "t_c": -0.0309087923657565, "phase_c": 0.02821058838471101, "iota": 2.518132890277028, "psi": 1.5638413795527804, "ra": 3.470001360366195, "dec": -0.3477992587268546, "gmst": 2.7288923786848907}