{"seed": 1217, "f_sampling": 4096, "duration": 128, "post_trigger_duration": 2, "trigger_time": 1187008882.43, "fmin": 20, "fref": 20, "ifos": ["H1", "L1", "V1"], "outdir": "./outdir_NRTv2_ref_wf_no_taper/injection_85/", "M_c": 2.3369895671168264, "q": 0.9503532789142538, "s1_z": -0.03024961672719183, "s2_z": -0.033951226321882494, "lambda_1": 3837.723947612633, "lambda_2": 1408.0135985832899, "d_L": 120.92634692974048, "t_c": 0.08111917258571605, "phase_c": 1.0382757745749278, "cos_iota": 0.7192552431351924, "psi": 2.1722679212903415, "ra": 5.045646873915012, "sin_dec": 0.980405551396198}