{"M_c": 2.3369895671168264, "eta": 0.24983800762200994, "s1_z": -0.03024961672719183, "s2_z": -0.033951226321882494, "lambda_1": 3837.723947612633, "lambda_2": 1408.0135985832899, "d_L": 120.92634692974048, "t_c": 0.08111917258571605, "phase_c": 1.0382757745749278, "iota": 0.768066588082286, "psi": 2.1722679212903415, "ra": 5.045646873915012, "dec": 1.372509789234113, "gmst": 2.7288923786848907}