{"seed": 3436, "f_sampling": 4096, "duration": 128, "post_trigger_duration": 2, "trigger_time": 1187008882.43, "fmin": 20, "fref": 20, "ifos": ["H1", "L1", "V1"], "outdir": "./outdir_TaylorF2_part3/injection_23/", "M_c": 2.569549231644562, "q": 0.7433464286760081, "s1_z": -0.005313163228429653, "s2_z": -0.0272598346449634, "lambda_1": 4204.125023889428, "lambda_2": 4555.037117116002, "d_L": 68.19598707508753, "t_c": -0.045048365485468644, "phase_c": 2.383776895060966, "cos_iota": 0.6043887762594082, "psi": 0.9899649134296878, "ra": 1.800574092758672, "sin_dec": -0.7187998280916457}