{"M_c": 2.569549231644562, "eta": 0.2445816476979354, "s1_z": -0.005313163228429653, "s2_z": -0.0272598346449634, "lambda_1": 4204.125023889428, "lambda_2": 4555.037117116002, "d_L": 68.19598707508753, "t_c": -0.045048365485468644, "phase_c": 2.383776895060966, "iota": 0.9217978872752021, "psi": 0.9899649134296878, "ra": 1.800574092758672, "dec": -0.802074447856124, "gmst": 2.7288923786848907}