{"seed": 7843, "f_sampling": 4096, "duration": 128, "post_trigger_duration": 2, "trigger_time": 1187008882.43, "fmin": 20, "fref": 20, "ifos": ["H1", "L1", "V1"], "outdir": "./outdir_TaylorF2_part3/injection_47/", "M_c": 2.303695317038267, "q": 0.842532243699408, "s1_z": -0.01415771091505346, "s2_z": 0.030123408075869426, "lambda_1": 4765.023701099552, "lambda_2": 1381.9988054746302, "d_L": 129.69778636020408, "t_c": 0.07946262582637917, "phase_c": 5.366622590133211, "cos_iota": 0.5611983794713187, "psi": 0.12889904179194178, "ra": 3.7759444396705084, "sin_dec": 0.4129649097052006}