{"M_c": 2.303695317038267, "eta": 0.24817403228570217, "s1_z": -0.01415771091505346, "s2_z": 0.030123408075869426, "lambda_1": 4765.023701099552, "lambda_2": 1381.9988054746302, "d_L": 129.69778636020408, "t_c": 0.07946262582637917, "phase_c": 5.366622590133211, "iota": 0.9749633608439449, "psi": 0.12889904179194178, "ra": 3.7759444396705084, "dec": 0.42570713909494323, "gmst": 2.7288923786848907}