{"seed": 2383, "f_sampling": 4096, "duration": 128, "post_trigger_duration": 2, "trigger_time": 1187008882.43, "fmin": 20, "fref": 20, "ifos": ["H1", "L1", "V1"], "outdir": "./outdir/injection_22/", "M_c": 1.9532158777229787, "q": 0.8361466558196347, "s1_z": -0.008353563620020668, "s2_z": 0.018428365319606455, "lambda_1": 3210.397745857897, "lambda_2": 3162.5062308815823, "d_L": 163.141519433404, "t_c": -0.088964793549542, "phase_c": 2.2598290586923224, "cos_iota": -0.15655875730681212, "psi": 1.0866488165213, "ra": 2.6274759411257502, "sin_dec": 0.8815601836920504}