{"M_c": 1.9532158777229787, "eta": 0.24800916211873641, "s1_z": -0.008353563620020668, "s2_z": 0.018428365319606455, "lambda_1": 3210.397745857897, "lambda_2": 3162.5062308815823, "d_L": 163.141519433404, "t_c": -0.088964793549542, "phase_c": 2.2598290586923224, "iota": 1.7280018023141581, "psi": 1.0866488165213, "ra": 2.6274759411257502, "dec": 1.0791570422652756, "gmst": 2.7288923786848907}