{"seed": 6532, "f_sampling": 4096, "duration": 128, "post_trigger_duration": 2, "trigger_time": 1187008882.43, "fmin": 20, "fref": 20, "ifos": ["H1", "L1", "V1"], "outdir": "./outdir_NRTv2_ref_wf_no_taper/injection_100/", "M_c": 1.1920875174900833, "q": 0.7709743773175346, "s1_z": -0.014204852742450369, "s2_z": -0.04253097511293394, "lambda_1": 2062.589118291913, "lambda_2": 3437.440182364252, "d_L": 54.18831683399016, "t_c": -0.05900238349346801, "phase_c": 0.31663498207560475, "cos_iota": 0.37746203915685683, "psi": 0.14017115499126814, "ra": 4.3972015168082486, "sin_dec": -0.688316704640078}