{"M_c": 1.1920875174900833, "eta": 0.24581896697229652, "s1_z": -0.014204852742450369, "s2_z": -0.04253097511293394, "lambda_1": 2062.589118291913, "lambda_2": 3437.440182364252, "d_L": 54.18831683399016, "t_c": -0.05900238349346801, "phase_c": 0.31663498207560475, "iota": 1.1837422706483132, "psi": 0.14017115499126814, "ra": 4.3972015168082486, "dec": -0.7591660169340221, "gmst": 2.7288923786848907}