{"seed": 3089, "f_sampling": 4096, "duration": 128, "post_trigger_duration": 2, "trigger_time": 1187008882.43, "fmin": 20, "fref": 20, "ifos": ["H1", "L1", "V1"], "outdir": "./outdir_NRTv2_ref_wf_no_taper/injection_61/", "M_c": 1.748775748085507, "q": 0.6305453078274055, "s1_z": -0.04598905982782825, "s2_z": 0.018050374868513616, "lambda_1": 4012.2108159088143, "lambda_2": 2984.042176457616, "d_L": 174.4348635029818, "t_c": 0.06504025283296128, "phase_c": 5.103388407279338, "cos_iota": -0.43752515211464726, "psi": 1.1105461806413155, "ra": 2.6486031336829257, "sin_dec": -0.7721238635634502}