{"M_c": 1.748775748085507, "eta": 0.23716497733805375, "s1_z": -0.04598905982782825, "s2_z": 0.018050374868513616, "lambda_1": 4012.2108159088143, "lambda_2": 2984.042176457616, "d_L": 174.4348635029818, "t_c": 0.06504025283296128, "phase_c": 5.103388407279338, "iota": 2.0236408928152114, "psi": 1.1105461806413155, "ra": 2.6486031336829257, "dec": -0.8821765815881633, "gmst": 2.7288923786848907}