{"seed": 8921, "f_sampling": 4096, "duration": 128, "post_trigger_duration": 2, "trigger_time": 1187008882.43, "fmin": 20, "fref": 20, "ifos": ["H1", "L1", "V1"], "outdir": "./outdir_TaylorF2_part3/injection_40/", "M_c": 1.245302494774113, "q": 0.9975838697939915, "s1_z": -0.048736895783714373, "s2_z": 0.027237855356402482, "lambda_1": 779.2415009832149, "lambda_2": 4408.6714708941745, "d_L": 96.26095230972436, "t_c": -0.03636369092338361, "phase_c": 4.474893345171385, "cos_iota": 0.8908454520822258, "psi": 1.0286771327858406, "ra": 3.5927576005073316, "sin_dec": 0.21405237782319686}