{"M_c": 1.245302494774113, "eta": 0.2499996342615387, "s1_z": -0.048736895783714373, "s2_z": 0.027237855356402482, "lambda_1": 779.2415009832149, "lambda_2": 4408.6714708941745, "d_L": 96.26095230972436, "t_c": -0.03636369092338361, "phase_c": 4.474893345171385, "iota": 0.4715935664068835, "psi": 1.0286771327858406, "ra": 3.5927576005073316, "dec": 0.2157216194131924, "gmst": 2.7288923786848907}