{"seed": 1898, "f_sampling": 4096, "duration": 128, "post_trigger_duration": 2, "trigger_time": 1187008882.43, "fmin": 20, "fref": 20, "ifos": ["H1", "L1", "V1"], "outdir": "./outdir_TaylorF2_part3/injection_71/", "M_c": 2.578178823191291, "q": 0.8449371435853047, "s1_z": -0.00046664864272084883, "s2_z": 1.0797248282658212e-05, "lambda_1": 1126.5742957807734, "lambda_2": 2672.9923054479978, "d_L": 279.3589198676086, "t_c": 0.09630527189398008, "phase_c": 1.4519642787925362, "cos_iota": -0.548574038362363, "psi": 0.6867572922054818, "ra": 4.262439297169995, "sin_dec": -0.1011911915033954}