{"M_c": 2.578178823191291, "eta": 0.24823399300508756, "s1_z": -0.00046664864272084883, "s2_z": 1.0797248282658212e-05, "lambda_1": 1126.5742957807734, "lambda_2": 2672.9923054479978, "d_L": 279.3589198676086, "t_c": 0.09630527189398008, "phase_c": 1.4519642787925362, "iota": 2.151454120867701, "psi": 0.6867572922054818, "ra": 4.262439297169995, "dec": -0.10136468598693835, "gmst": 2.7288923786848907}