{"seed": 5833, "f_sampling": 4096, "duration": 128, "post_trigger_duration": 2, "trigger_time": 1187008882.43, "fmin": 20, "fref": 20, "ifos": ["H1", "L1", "V1"], "outdir": "./outdir_TaylorF2_part3/injection_33/", "M_c": 1.2798783355034382, "q": 0.541752785841553, "s1_z": 0.04986105779735475, "s2_z": -0.0009483291727487644, "lambda_1": 2353.1742857284644, "lambda_2": 1245.320972138053, "d_L": 43.795563181329356, "t_c": -0.027089544503047902, "phase_c": 4.8725021397817585, "cos_iota": -0.372433202582535, "psi": 0.4926395608705208, "ra": 2.8063029139994335, "sin_dec": -0.9607962299583901}