{"M_c": 1.2798783355034382, "eta": 0.22791434967558258, "s1_z": 0.04986105779735475, "s2_z": -0.0009483291727487644, "lambda_1": 2353.1742857284644, "lambda_2": 1245.320972138053, "d_L": 43.795563181329356, "t_c": -0.027089544503047902, "phase_c": 4.8725021397817585, "iota": 1.952425791519661, "psi": 0.4926395608705208, "ra": 2.8063029139994335, "dec": -1.2898598993378885, "gmst": 2.7288923786848907}