{"seed": 5987, "f_sampling": 4096, "duration": 128, "post_trigger_duration": 2, "trigger_time": 1187008882.43, "fmin": 20, "fref": 20, "ifos": ["H1", "L1", "V1"], "outdir": "./outdir_TaylorF2_part3/injection_78/", "M_c": 1.164698720330986, "q": 0.6619740842712111, "s1_z": 0.049438353728113574, "s2_z": -0.02924292960089582, "lambda_1": 993.1034567422853, "lambda_2": 3746.431178098655, "d_L": 177.59697833096453, "t_c": -0.09037016994973335, "phase_c": 0.7441046969084052, "cos_iota": -0.4815194387007433, "psi": 2.2844180363451274, "ra": 3.8554894232024965, "sin_dec": -0.5788946479287294}