{"M_c": 1.164698720330986, "eta": 0.2396583101302988, "s1_z": 0.049438353728113574, "s2_z": -0.02924292960089582, "lambda_1": 993.1034567422853, "lambda_2": 3746.431178098655, "d_L": 177.59697833096453, "t_c": -0.09037016994973335, "phase_c": 0.7441046969084052, "iota": 2.0731838725713887, "psi": 2.2844180363451274, "ra": 3.8554894232024965, "dec": -0.6173724463297319, "gmst": 2.7288923786848907}