{"seed": 5797, "f_sampling": 4096, "duration": 128, "post_trigger_duration": 2, "trigger_time": 1187008882.43, "fmin": 20, "fref": 20, "ifos": ["H1", "L1", "V1"], "outdir": "./outdir_TaylorF2_part3/injection_79/", "M_c": 2.377902511867585, "q": 0.8418251697010037, "s1_z": -0.02807465480916479, "s2_z": 0.014013480560733385, "lambda_1": 2328.9893762419583, "lambda_2": 3399.9754037463385, "d_L": 257.03823235097, "t_c": 0.08387955103965891, "phase_c": 1.8776986083703955, "cos_iota": -0.28915852230659245, "psi": 2.68729405396358, "ra": 2.252987978949552, "sin_dec": 0.9916746042106521}