{"M_c": 2.377902511867585, "eta": 0.24815618240123904, "s1_z": -0.02807465480916479, "s2_z": 0.014013480560733385, "lambda_1": 2328.9893762419583, "lambda_2": 3399.9754037463385, "d_L": 257.03823235097, "t_c": 0.08387955103965891, "phase_c": 1.8776986083703955, "iota": 1.8641440189779863, "psi": 2.68729405396358, "ra": 2.252987978949552, "dec": 1.4416686880744178, "gmst": 2.7288923786848907}