{"seed": 879, "f_sampling": 4096, "duration": 128, "post_trigger_duration": 2, "trigger_time": 1187008882.43, "fmin": 20, "fref": 20, "ifos": ["H1", "L1", "V1"], "outdir": "./outdir_NRTv2_ref_wf_no_taper/injection_22/", "M_c": 2.0430513690621153, "q": 0.5035763548416805, "s1_z": 0.03641264370128264, "s2_z": -0.004094299124350623, "lambda_1": 3708.940454454852, "lambda_2": 613.3636185503, "d_L": 158.1824320562339, "t_c": 0.08489489133597047, "phase_c": 4.619785166876564, "cos_iota": -0.2482255006611216, "psi": 3.057726995395409, "ra": 1.2842333333492542, "sin_dec": -0.08300052108765121}