{"M_c": 2.0430513690621153, "eta": 0.2227482778556971, "s1_z": 0.03641264370128264, "s2_z": -0.004094299124350623, "lambda_1": 3708.940454454852, "lambda_2": 613.3636185503, "d_L": 158.1824320562339, "t_c": 0.08489489133597047, "phase_c": 4.619785166876564, "iota": 1.8216443192859277, "psi": 3.057726995395409, "ra": 1.2842333333492542, "dec": -0.0830961173703973, "gmst": 2.7288923786848907}