{"seed": 8209, "f_sampling": 4096, "duration": 128, "post_trigger_duration": 2, "trigger_time": 1187008882.43, "fmin": 20, "fref": 20, "ifos": ["H1", "L1", "V1"], "outdir": "./outdir_TaylorF2_part3/injection_48/", "M_c": 2.4801460928732997, "q": 0.5567242981305998, "s1_z": -0.02604024752213542, "s2_z": 0.03192136295745222, "lambda_1": 912.7608863698312, "lambda_2": 2570.4738639330944, "d_L": 228.21065589874712, "t_c": -0.03626193775575502, "phase_c": 1.3893455293667647, "cos_iota": 0.5120049391319057, "psi": 2.5188575536659443, "ra": 5.872680416931562, "sin_dec": -0.16082185094813206}