{"M_c": 2.4801460928732997, "eta": 0.2297295004052287, "s1_z": -0.02604024752213542, "s2_z": 0.03192136295745222, "lambda_1": 912.7608863698312, "lambda_2": 2570.4738639330944, "d_L": 228.21065589874712, "t_c": -0.03626193775575502, "phase_c": 1.3893455293667647, "iota": 1.0332790696954626, "psi": 2.5188575536659443, "ra": 5.872680416931562, "dec": -0.16152328626023688, "gmst": 2.7288923786848907}