{"seed": 3449, "f_sampling": 4096, "duration": 128, "post_trigger_duration": 2, "trigger_time": 1187008882.43, "fmin": 20, "fref": 20, "ifos": ["H1", "L1", "V1"], "outdir": "./outdir_TaylorF2_part3/injection_88/", "M_c": 1.730693513795381, "q": 0.5741668579510429, "s1_z": 0.04313462454569847, "s2_z": -0.030195773513407922, "lambda_1": 2203.452590406533, "lambda_2": 3963.3491587450458, "d_L": 134.7728536080185, "t_c": -0.029537515670769274, "phase_c": 3.2337311283535866, "cos_iota": 0.6085220586249458, "psi": 1.2517090901085353, "ra": 4.850017215661176, "sin_dec": -0.9329361675313015}