{"M_c": 1.730693513795381, "eta": 0.23170563256858848, "s1_z": 0.04313462454569847, "s2_z": -0.030195773513407922, "lambda_1": 2203.452590406533, "lambda_2": 3963.3491587450458, "d_L": 134.7728536080185, "t_c": -0.029537515670769274, "phase_c": 3.2337311283535866, "iota": 0.9165995421484257, "psi": 1.2517090901085353, "ra": 4.850017215661176, "dec": -1.2024836147278763, "gmst": 2.7288923786848907}