{"seed": 2480, "f_sampling": 4096, "duration": 128, "post_trigger_duration": 2, "trigger_time": 1187008882.43, "fmin": 20, "fref": 20, "ifos": ["H1", "L1", "V1"], "outdir": "./outdir_TaylorF2_part3/injection_72/", "M_c": 2.3452819624710215, "q": 0.9799049653181587, "s1_z": -0.026336612833185072, "s2_z": 0.0446426229048284, "lambda_1": 842.1273784207656, "lambda_2": 2058.0690026110587, "d_L": 162.1981261052928, "t_c": -0.06279995519066323, "phase_c": 2.500297904101603, "cos_iota": -0.28007770088863837, "psi": 2.198001819046609, "ra": 3.1998673814034113, "sin_dec": -0.016738767453159387}