{"M_c": 2.3452819624710215, "eta": 0.24997424694002615, "s1_z": -0.026336612833185072, "s2_z": 0.0446426229048284, "lambda_1": 842.1273784207656, "lambda_2": 2058.0690026110587, "d_L": 162.1981261052928, "t_c": -0.06279995519066323, "phase_c": 2.500297904101603, "iota": 1.8546713753843584, "psi": 2.198001819046609, "ra": 3.1998673814034113, "dec": -0.016739549214050718, "gmst": 2.7288923786848907}