{"seed": 7158, "f_sampling": 4096, "duration": 128, "post_trigger_duration": 2, "trigger_time": 1187008882.43, "fmin": 20, "fref": 20, "ifos": ["H1", "L1", "V1"], "outdir": "./outdir_TaylorF2_part3/injection_56/", "M_c": 2.1449259578580238, "q": 0.6939581810628708, "s1_z": 0.005220916912790398, "s2_z": -0.0406213286591515, "lambda_1": 3199.663435874575, "lambda_2": 3783.8987235848526, "d_L": 143.59464026674567, "t_c": 0.06059050614811262, "phase_c": 5.511367999173313, "cos_iota": -0.8627195337557736, "psi": 2.972137264722496, "ra": 5.696748306129572, "sin_dec": -0.690246927011146}