{"M_c": 2.1449259578580238, "eta": 0.24183988670826234, "s1_z": 0.005220916912790398, "s2_z": -0.0406213286591515, "lambda_1": 3199.663435874575, "lambda_2": 3783.8987235848526, "d_L": 143.59464026674567, "t_c": 0.06059050614811262, "phase_c": 5.511367999173313, "iota": 2.6114195219263516, "psi": 2.972137264722496, "ra": 5.696748306129572, "dec": -0.7618302574795294, "gmst": 2.7288923786848907}