{"seed": 1433, "f_sampling": 4096, "duration": 128, "post_trigger_duration": 2, "trigger_time": 1187008882.43, "fmin": 20, "fref": 20, "ifos": ["H1", "L1", "V1"], "outdir": "./outdir/injection_25/", "M_c": 1.6924984462361645, "q": 0.8184184974808888, "s1_z": -0.016839169376101686, "s2_z": -0.0016463599415450086, "lambda_1": 3899.1030657366514, "lambda_2": 1474.7532154120458, "d_L": 190.90963299497875, "t_c": 0.08240395789499241, "phase_c": 0.8513342418099309, "cos_iota": 0.7334213579978401, "psi": 1.57683606769559, "ra": 1.7485851619961164, "sin_dec": -0.1981107549433898}