{"M_c": 1.6924984462361645, "eta": 0.2475071534923542, "s1_z": -0.016839169376101686, "s2_z": -0.0016463599415450086, "lambda_1": 3899.1030657366514, "lambda_2": 1474.7532154120458, "d_L": 190.90963299497875, "t_c": 0.08240395789499241, "phase_c": 0.8513342418099309, "iota": 0.7474548676991574, "psi": 1.57683606769559, "ra": 1.7485851619961164, "dec": -0.19943009624896796, "gmst": 2.7288923786848907}