{"seed": 6653, "f_sampling": 4096, "duration": 128, "post_trigger_duration": 2, "trigger_time": 1187008882.43, "fmin": 20, "fref": 20, "ifos": ["H1", "L1", "V1"], "outdir": "./outdir_NRTv2_ref_wf_no_taper/injection_98/", "M_c": 1.8782847627144577, "q": 0.672747180244347, "s1_z": -0.030106021448808397, "s2_z": -0.024134142338091226, "lambda_1": 1692.094751803947, "lambda_2": 1709.1251416262537, "d_L": 110.73400239042718, "t_c": -0.09488259999682125, "phase_c": 0.6169994812510837, "cos_iota": -0.9974693176988463, "psi": 1.5211464518164015, "ra": 5.206900134503313, "sin_dec": -0.21974397373322363}