{"M_c": 1.8782847627144577, "eta": 0.24043144868289615, "s1_z": -0.030106021448808397, "s2_z": -0.024134142338091226, "lambda_1": 1692.094751803947, "lambda_2": 1709.1251416262537, "d_L": 110.73400239042718, "t_c": -0.09488259999682125, "phase_c": 0.6169994812510837, "iota": 3.070434373478202, "psi": 1.5211464518164015, "ra": 5.206900134503313, "dec": -0.22155202177652877, "gmst": 2.7288923786848907}