{"seed": 2659, "f_sampling": 4096, "duration": 128, "post_trigger_duration": 2, "trigger_time": 1187008882.43, "fmin": 20, "fref": 20, "ifos": ["H1", "L1", "V1"], "outdir": "./outdir_TaylorF2_part3/injection_60/", "M_c": 2.3494076730657207, "q": 0.5790165104807824, "s1_z": -0.026358895470255772, "s2_z": 0.026180183236157326, "lambda_1": 490.2202265248912, "lambda_2": 791.067628800114, "d_L": 143.94358613446815, "t_c": -0.06267868100149679, "phase_c": 1.9824494654395288, "cos_iota": -0.5493806716774035, "psi": 1.2660138948484774, "ra": 0.45662035492874165, "sin_dec": 0.7415211868625711}