{"M_c": 2.3494076730657207, "eta": 0.23222961676886775, "s1_z": -0.026358895470255772, "s2_z": 0.026180183236157326, "lambda_1": 490.2202265248912, "lambda_2": 791.067628800114, "d_L": 143.94358613446815, "t_c": -0.06267868100149679, "phase_c": 1.9824494654395288, "iota": 2.1524191812460494, "psi": 1.2660138948484774, "ra": 0.45662035492874165, "dec": 0.8353348095352194, "gmst": 2.7288923786848907}