{"seed": 4539, "f_sampling": 4096, "duration": 128, "post_trigger_duration": 2, "trigger_time": 1187008882.43, "fmin": 20, "fref": 20, "ifos": ["H1", "L1", "V1"], "outdir": "./outdir_TaylorF2_part3/injection_54/", "M_c": 1.5770442424200075, "q": 0.7192676727959941, "s1_z": 0.02106811642829569, "s2_z": 0.0011691447737102317, "lambda_1": 2071.0833039280014, "lambda_2": 3042.634205448766, "d_L": 134.23910499200514, "t_c": 0.013683381666743544, "phase_c": 3.2253601508690197, "cos_iota": -0.4761895045490283, "psi": 2.765760412407027, "ra": 6.191143971237565, "sin_dec": 0.724580462664844}