{"seed": 394, "f_sampling": 4096, "duration": 128, "post_trigger_duration": 2, "trigger_time": 1187008882.43, "fmin": 20, "fref": 20, "ifos": ["H1", "L1", "V1"], "outdir": "./outdir_NRTv2_ref_wf_no_taper/injection_60/", "M_c": 2.030039025956856, "q": 0.5725121265861535, "s1_z": -0.03246134425556582, "s2_z": 0.04459192314985147, "lambda_1": 4928.483214759986, "lambda_2": 3768.905364192819, "d_L": 154.02565487720767, "t_c": 0.04722133645233101, "phase_c": 0.28467681428869, "cos_iota": 0.45685770882256294, "psi": 0.5376866227938907, "ra": 3.938199405230396, "sin_dec": 0.4819204954558738}