{"M_c": 2.030039025956856, "eta": 0.23152435532211335, "s1_z": -0.03246134425556582, "s2_z": 0.04459192314985147, "lambda_1": 4928.483214759986, "lambda_2": 3768.905364192819, "d_L": 154.02565487720767, "t_c": 0.04722133645233101, "phase_c": 0.28467681428869, "iota": 1.0963368367554136, "psi": 0.5376866227938907, "ra": 3.938199405230396, "dec": 0.5028452032275407, "gmst": 2.7288923786848907}