{"seed": 2033, "f_sampling": 4096, "duration": 128, "post_trigger_duration": 2, "trigger_time": 1187008882.43, "fmin": 20, "fref": 20, "ifos": ["H1", "L1", "V1"], "outdir": "./outdir/injection_3/", "M_c": 1.4642959375306586, "q": 0.5861373659960384, "s1_z": -0.011694574325286602, "s2_z": -0.031319191337472053, "lambda_1": 1424.722986492321, "lambda_2": 3051.4814400671107, "d_L": 63.32012526927823, "t_c": 0.06998342091806142, "phase_c": 2.229318762620487, "cos_iota": 0.8215236758922053, "psi": 1.4029657970555225, "ra": 6.056266265731914, "sin_dec": 0.5281622530101082}