{"M_c": 1.4642959375306586, "eta": 0.23297955733265935, "s1_z": -0.011694574325286602, "s2_z": -0.031319191337472053, "lambda_1": 1424.722986492321, "lambda_2": 3051.4814400671107, "d_L": 63.32012526927823, "t_c": 0.06998342091806142, "phase_c": 2.229318762620487, "iota": 0.6067181318137022, "psi": 1.4029657970555225, "ra": 6.056266265731914, "dec": 0.5564348688571497, "gmst": 2.7288923786848907}