{"seed": 952, "f_sampling": 4096, "duration": 128, "post_trigger_duration": 2, "trigger_time": 1187008882.43, "fmin": 20, "fref": 20, "ifos": ["H1", "L1", "V1"], "outdir": "./outdir_NRTv2_ref_wf_no_taper/injection_59/", "M_c": 1.2238880834827064, "q": 0.5806768118173715, "s1_z": -0.031151921718146736, "s2_z": -0.0011505386762679232, "lambda_1": 4739.8448978830675, "lambda_2": 629.5220349821856, "d_L": 281.4367682778644, "t_c": 0.029992948171350037, "phase_c": 2.3762796832822146, "cos_iota": -0.9190563616417962, "psi": 2.857196112339484, "ra": 4.362290802391648, "sin_dec": -0.9712507532536643}