{"M_c": 1.2238880834827064, "eta": 0.23240652604983694, "s1_z": -0.031151921718146736, "s2_z": -0.0011505386762679232, "lambda_1": 4739.8448978830675, "lambda_2": 629.5220349821856, "d_L": 281.4367682778644, "t_c": 0.029992948171350037, "phase_c": 2.3762796832822146, "iota": 2.736475833637895, "psi": 2.857196112339484, "ra": 4.362290802391648, "dec": -1.3304296656935284, "gmst": 2.7288923786848907}