{"seed": 6479, "f_sampling": 4096, "duration": 128, "post_trigger_duration": 2, "trigger_time": 1187008882.43, "fmin": 20, "fref": 20, "ifos": ["H1", "L1", "V1"], "outdir": "./outdir_NRTv2_ref_wf_no_taper/injection_94/", "M_c": 2.2459705634392897, "q": 0.5746828584417474, "s1_z": -0.04449612005561787, "s2_z": 0.01236850504930219, "lambda_1": 2548.9346505192007, "lambda_2": 2950.3113345940974, "d_L": 130.2552669963844, "t_c": -0.052928029838279024, "phase_c": 1.274686125911484, "cos_iota": -0.537283329373003, "psi": 0.2935272921391492, "ra": 0.5832979751721769, "sin_dec": -0.18311701687675952}