{"M_c": 2.2459705634392897, "eta": 0.23176190045723274, "s1_z": -0.04449612005561787, "s2_z": 0.01236850504930219, "lambda_1": 2548.9346505192007, "lambda_2": 2950.3113345940974, "d_L": 130.2552669963844, "t_c": -0.052928029838279024, "phase_c": 1.274686125911484, "iota": 2.1380090320107614, "psi": 0.2935272921391492, "ra": 0.5832979751721769, "dec": -0.18415614948931747, "gmst": 2.7288923786848907}