{"seed": 2639, "f_sampling": 4096, "duration": 128, "post_trigger_duration": 2, "trigger_time": 1187008882.43, "fmin": 20, "fref": 20, "ifos": ["H1", "L1", "V1"], "outdir": "./outdir_TaylorF2_part3/injection_62/", "M_c": 2.4718774999845072, "q": 0.6552005808993115, "s1_z": -0.02844420645604914, "s2_z": -0.008916578036033261, "lambda_1": 1156.8570514133846, "lambda_2": 703.119195692839, "d_L": 209.85077276605261, "t_c": 0.006319928631237232, "phase_c": 2.964901358580898, "cos_iota": 0.4867542569833987, "psi": 1.8276821625372204, "ra": 3.556077996243743, "sin_dec": 0.2947321680134225}