{"M_c": 2.4718774999845072, "eta": 0.23915144738897834, "s1_z": -0.02844420645604914, "s2_z": -0.008916578036033261, "lambda_1": 1156.8570514133846, "lambda_2": 703.119195692839, "d_L": 209.85077276605261, "t_c": 0.006319928631237232, "phase_c": 2.964901358580898, "iota": 1.0624260617386927, "psi": 1.8276821625372204, "ra": 3.556077996243743, "dec": 0.29917522440343525, "gmst": 2.7288923786848907}