{"seed": 6463, "f_sampling": 4096, "duration": 128, "post_trigger_duration": 2, "trigger_time": 1187008882.43, "fmin": 20, "fref": 20, "ifos": ["H1", "L1", "V1"], "outdir": "./outdir_TaylorF2_part3/injection_102/", "M_c": 2.4676647753367003, "q": 0.7469203718129116, "s1_z": 0.029602408518786677, "s2_z": -0.049247772613323186, "lambda_1": 1933.2754378011603, "lambda_2": 2325.1377505453706, "d_L": 58.012492535906844, "t_c": -0.004653293189089441, "phase_c": 2.789441684515721, "cos_iota": -0.9781252124510535, "psi": 0.5137159166935149, "ra": 5.546304382439947, "sin_dec": 0.7580882694050952}