{"M_c": 2.4676647753367003, "eta": 0.24475303502289716, "s1_z": 0.029602408518786677, "s2_z": -0.049247772613323186, "lambda_1": 1933.2754378011603, "lambda_2": 2325.1377505453706, "d_L": 58.012492535906844, "t_c": -0.004653293189089441, "phase_c": 2.789441684515721, "iota": 2.932045488919893, "psi": 0.5137159166935149, "ra": 5.546304382439947, "dec": 0.8603766802061433, "gmst": 2.7288923786848907}