{"seed": 8954, "f_sampling": 4096, "duration": 128, "post_trigger_duration": 2, "trigger_time": 1187008882.43, "fmin": 20, "fref": 20, "ifos": ["H1", "L1", "V1"], "outdir": "./outdir_NRTv2_ref_wf_no_taper/injection_75/", "M_c": 2.1864058586860127, "q": 0.8162557816343609, "s1_z": -0.020672559668731418, "s2_z": 0.02851270900314061, "lambda_1": 3205.806636725759, "lambda_2": 4140.427004205012, "d_L": 164.18469179903775, "t_c": -0.007569347614998653, "phase_c": 1.1768226621011757, "cos_iota": 0.24103306448215078, "psi": 0.8404492892201815, "ra": 2.9491290803692887, "sin_dec": 0.5315966297767856}