{"M_c": 2.1864058586860127, "eta": 0.24744133543679692, "s1_z": -0.020672559668731418, "s2_z": 0.02851270900314061, "lambda_1": 3205.806636725759, "lambda_2": 4140.427004205012, "d_L": 164.18469179903775, "t_c": -0.007569347614998653, "phase_c": 1.1768226621011757, "iota": 1.3273661685219784, "psi": 0.8404492892201815, "ra": 2.9491290803692887, "dec": 0.5604844989563906, "gmst": 2.7288923786848907}