{"seed": 2579, "f_sampling": 4096, "duration": 128, "post_trigger_duration": 2, "trigger_time": 1187008882.43, "fmin": 20, "fref": 20, "ifos": ["H1", "L1", "V1"], "outdir": "./outdir_TaylorF2_part3/injection_30/", "M_c": 1.7703073934918754, "q": 0.5771218631476904, "s1_z": 0.012570351531397073, "s2_z": 0.006021918638485724, "lambda_1": 131.4037613632768, "lambda_2": 3087.3035101021633, "d_L": 114.94259284185124, "t_c": 0.08012491725053891, "phase_c": 0.2730691340151651, "cos_iota": -0.9724768985513137, "psi": 2.1042684311804276, "ra": 0.3277676004568074, "sin_dec": -0.042600291732509454}