{"M_c": 1.7703073934918754, "eta": 0.23202619735243887, "s1_z": 0.012570351531397073, "s2_z": 0.006021918638485724, "lambda_1": 131.4037613632768, "lambda_2": 3087.3035101021633, "d_L": 114.94259284185124, "t_c": 0.08012491725053891, "phase_c": 0.2730691340151651, "iota": 2.906431900557979, "psi": 2.1042684311804276, "ra": 0.3277676004568074, "dec": -0.04261318732723029, "gmst": 2.7288923786848907}