{"seed": 8816, "f_sampling": 4096, "duration": 128, "post_trigger_duration": 2, "trigger_time": 1187008882.43, "fmin": 20, "fref": 20, "ifos": ["H1", "L1", "V1"], "outdir": "./outdir_NRTv2_ref_wf_no_taper/injection_79/", "M_c": 1.524993582381955, "q": 0.7425613587560616, "s1_z": 0.034599165039860075, "s2_z": -0.00958336281800215, "lambda_1": 1204.9948380011733, "lambda_2": 924.1674959211083, "d_L": 72.1091619791386, "t_c": 0.036057070035484806, "phase_c": 0.053584863882887274, "cos_iota": -0.21059466243609615, "psi": 1.5903004202753555, "ra": 2.9769266631878417, "sin_dec": -0.7755499355234567}