{"M_c": 1.524993582381955, "eta": 0.2445435356870386, "s1_z": 0.034599165039860075, "s2_z": -0.00958336281800215, "lambda_1": 1204.9948380011733, "lambda_2": 924.1674959211083, "d_L": 72.1091619791386, "t_c": 0.036057070035484806, "phase_c": 0.053584863882887274, "iota": 1.7829795513359568, "psi": 1.5903004202753555, "ra": 2.9769266631878417, "dec": -0.8875857644560773, "gmst": 2.7288923786848907}