{"seed": 7022, "f_sampling": 4096, "duration": 128, "post_trigger_duration": 2, "trigger_time": 1187008882.43, "fmin": 20, "fref": 20, "ifos": ["H1", "L1", "V1"], "outdir": "./outdir_NRTv2_ref_wf_no_taper/injection_14/", "M_c": 1.4896409301873013, "q": 0.8566165935016385, "s1_z": -0.026217935121757574, "s2_z": -0.00969354764528494, "lambda_1": 2459.364427731542, "lambda_2": 2740.8424705939706, "d_L": 172.66769726697584, "t_c": 0.020645996144031176, "phase_c": 3.666489594045209, "cos_iota": 0.5527236062609677, "psi": 1.892020599230568, "ra": 3.8586687851002104, "sin_dec": 0.013795913133353599}