{"M_c": 1.4896409301873013, "eta": 0.24850894610470242, "s1_z": -0.026217935121757574, "s2_z": -0.00969354764528494, "lambda_1": 2459.364427731542, "lambda_2": 2740.8424705939706, "d_L": 172.66769726697584, "t_c": 0.020645996144031176, "phase_c": 3.666489594045209, "iota": 0.9851674128320863, "psi": 1.892020599230568, "ra": 3.8586687851002104, "dec": 0.013796350793802842, "gmst": 2.7288923786848907}