{"seed": 1363, "f_sampling": 4096, "duration": 128, "post_trigger_duration": 2, "trigger_time": 1187008882.43, "fmin": 20, "fref": 20, "ifos": ["H1", "L1", "V1"], "outdir": "./outdir_NRTv2_ref_wf_no_taper/injection_63/", "M_c": 1.8689098524844794, "q": 0.8698569971280958, "s1_z": -0.016341588500304552, "s2_z": 0.046946226071313005, "lambda_1": 1434.9822236181142, "lambda_2": 4157.799209384339, "d_L": 129.92043917044822, "t_c": 0.029709531379332188, "phase_c": 2.384493780406576, "cos_iota": 0.8062823097335252, "psi": 1.9916826201968612, "ra": 1.7872748951530837, "sin_dec": -0.7194678820047671}