{"M_c": 1.8689098524844794, "eta": 0.24878894221015807, "s1_z": -0.016341588500304552, "s2_z": 0.046946226071313005, "lambda_1": 1434.9822236181142, "lambda_2": 4157.799209384339, "d_L": 129.92043917044822, "t_c": 0.029709531379332188, "phase_c": 2.384493780406576, "iota": 0.6329562687376383, "psi": 1.9916826201968612, "ra": 1.7872748951530837, "dec": -0.8030358543239506, "gmst": 2.7288923786848907}