{"seed": 1931, "f_sampling": 4096, "duration": 128, "post_trigger_duration": 2, "trigger_time": 1187008882.43, "fmin": 20, "fref": 20, "ifos": ["H1", "L1", "V1"], "outdir": "./outdir_NRTv2_ref_wf_no_taper/injection_3/", "M_c": 1.1822517038571112, "q": 0.834555979553496, "s1_z": 0.04381022827700343, "s2_z": -0.017198815848494475, "lambda_1": 3374.106222972998, "lambda_2": 2271.652233967602, "d_L": 144.0253134443911, "t_c": -0.0610071032407846, "phase_c": 1.5349265404910915, "cos_iota": -0.6189110255863297, "psi": 1.0538100614639268, "ra": 1.1809641336351389, "sin_dec": 0.6298709965442622}