{"M_c": 1.1822517038571112, "eta": 0.2479667994307615, "s1_z": 0.04381022827700343, "s2_z": -0.017198815848494475, "lambda_1": 3374.106222972998, "lambda_2": 2271.652233967602, "d_L": 144.0253134443911, "t_c": -0.0610071032407846, "phase_c": 1.5349265404910915, "iota": 2.238151857252798, "psi": 1.0538100614639268, "ra": 1.1809641336351389, "dec": 0.6813871085835839, "gmst": 2.7288923786848907}