{"seed": 1619, "f_sampling": 4096, "duration": 128, "post_trigger_duration": 2, "trigger_time": 1187008882.43, "fmin": 20, "fref": 20, "ifos": ["H1", "L1", "V1"], "outdir": "./outdir_NRTv2_ref_wf_no_taper/injection_95/", "M_c": 1.7038050489797913, "q": 0.839834836989692, "s1_z": 0.04239638566156527, "s2_z": 0.0021866039136843943, "lambda_1": 3488.6182535473513, "lambda_2": 772.3269858789139, "d_L": 65.03266174581165, "t_c": -0.04033640209329703, "phase_c": 1.8756869512813699, "cos_iota": -0.4033471494625047, "psi": 2.516905523847128, "ra": 2.1405903845328713, "sin_dec": -0.7046019148161977}