{"M_c": 1.7038050489797913, "eta": 0.24810539598625492, "s1_z": 0.04239638566156527, "s2_z": 0.0021866039136843943, "lambda_1": 3488.6182535473513, "lambda_2": 772.3269858789139, "d_L": 65.03266174581165, "t_c": -0.04033640209329703, "phase_c": 1.8756869512813699, "iota": 1.9859681355856078, "psi": 2.516905523847128, "ra": 2.1405903845328713, "dec": -0.7818619922814588, "gmst": 2.7288923786848907}