{"seed": 1973, "f_sampling": 4096, "duration": 128, "post_trigger_duration": 2, "trigger_time": 1187008882.43, "fmin": 20, "fref": 20, "ifos": ["H1", "L1", "V1"], "outdir": "./outdir_NRTv2_ref_wf_no_taper/injection_6/", "M_c": 2.028345031254129, "q": 0.5119835573769205, "s1_z": 0.000984801345009001, "s2_z": 0.018742204743203053, "lambda_1": 2704.432745016878, "lambda_2": 1574.1874842466536, "d_L": 160.5685039150653, "t_c": 0.09931237902823034, "phase_c": 2.018125181043532, "cos_iota": 0.8058028626785856, "psi": 1.6467270090888284, "ra": 1.8804513792895385, "sin_dec": -0.06565462114222398}