{"M_c": 2.028345031254129, "eta": 0.22395557451572481, "s1_z": 0.000984801345009001, "s2_z": 0.018742204743203053, "lambda_1": 2704.432745016878, "lambda_2": 1574.1874842466536, "d_L": 160.5685039150653, "t_c": 0.09931237902823034, "phase_c": 2.018125181043532, "iota": 0.6337663406004019, "psi": 1.6467270090888284, "ra": 1.8804513792895385, "dec": -0.0657018805650818, "gmst": 2.7288923786848907}