{"seed": 8772, "f_sampling": 4096, "duration": 128, "post_trigger_duration": 2, "trigger_time": 1187008882.43, "fmin": 20, "fref": 20, "ifos": ["H1", "L1", "V1"], "outdir": "./outdir_NRTv2_ref_wf_no_taper/injection_31/", "M_c": 2.230906477218386, "q": 0.8513600342418308, "s1_z": -0.018666541653320816, "s2_z": 0.0005020855748025244, "lambda_1": 1079.3799480341647, "lambda_2": 881.5993396818594, "d_L": 217.0295756621139, "t_c": 0.09074890258338936, "phase_c": 4.305309486720384, "cos_iota": 0.8551022805280584, "psi": 1.1100817055421184, "ra": 5.793391082673592, "sin_dec": -0.3679631073334939}