{"M_c": 2.230906477218386, "eta": 0.2483885032524263, "s1_z": -0.018666541653320816, "s2_z": 0.0005020855748025244, "lambda_1": 1079.3799480341647, "lambda_2": 881.5993396818594, "d_L": 217.0295756621139, "t_c": 0.09074890258338936, "phase_c": 4.305309486720384, "iota": 0.5450482414828817, "psi": 1.1100817055421184, "ra": 5.793391082673592, "dec": -0.3768174855144084, "gmst": 2.7288923786848907}