{"seed": 4850, "f_sampling": 4096, "duration": 128, "post_trigger_duration": 2, "trigger_time": 1187008882.43, "fmin": 20, "fref": 20, "ifos": ["H1", "L1", "V1"], "outdir": "./outdir_NRTv2_ref_wf_no_taper/injection_50/", "M_c": 1.4423681510160318, "q": 0.8423256977327649, "s1_z": 0.03355010062920842, "s2_z": -0.030271955630417735, "lambda_1": 2111.231288587283, "lambda_2": 4010.46451586833, "d_L": 81.8987747843931, "t_c": -0.046804021503837806, "phase_c": 2.929209756090304, "cos_iota": 0.7741743386492921, "psi": 3.068898312443316, "ra": 5.842131963696425, "sin_dec": -0.4558245207352558}