{"M_c": 1.4423681510160318, "eta": 0.2481688284826989, "s1_z": 0.03355010062920842, "s2_z": -0.030271955630417735, "lambda_1": 2111.231288587283, "lambda_2": 4010.46451586833, "d_L": 81.8987747843931, "t_c": -0.046804021503837806, "phase_c": 2.929209756090304, "iota": 0.6853866935116978, "psi": 3.068898312443316, "ra": 5.842131963696425, "dec": -0.47329834991360104, "gmst": 2.7288923786848907}