{"seed": 6044, "f_sampling": 4096, "duration": 128, "post_trigger_duration": 2, "trigger_time": 1187008882.43, "fmin": 20, "fref": 20, "ifos": ["H1", "L1", "V1"], "outdir": "./outdir_TaylorF2_part3/injection_10/", "M_c": 1.8335412215484048, "q": 0.8632795427735255, "s1_z": -0.01218714546403702, "s2_z": -0.047896806865694266, "lambda_1": 4875.851254210007, "lambda_2": 657.5808704286341, "d_L": 114.91454878446699, "t_c": 0.06357323651609847, "phase_c": 5.560320239362129, "cos_iota": 0.47412193751310094, "psi": 2.0311821700814257, "ra": 6.203457753219881, "sin_dec": 0.4840411933662401}