{"M_c": 1.8335412215484048, "eta": 0.2486539816478838, "s1_z": -0.01218714546403702, "s2_z": -0.047896806865694266, "lambda_1": 4875.851254210007, "lambda_2": 657.5808704286341, "d_L": 114.91454878446699, "t_c": 0.06357323651609847, "phase_c": 5.560320239362129, "iota": 1.0768298410627004, "psi": 2.0311821700814257, "ra": 6.203457753219881, "dec": 0.5052671128004065, "gmst": 2.7288923786848907}