{"seed": 4325, "f_sampling": 4096, "duration": 128, "post_trigger_duration": 2, "trigger_time": 1187008882.43, "fmin": 20, "fref": 20, "ifos": ["H1", "L1", "V1"], "outdir": "./outdir_NRTv2_ref_wf_no_taper/injection_96/", "M_c": 2.3236260582812944, "q": 0.7770748319494369, "s1_z": 0.011284014294064372, "s2_z": -0.014567789886365978, "lambda_1": 3356.244780500313, "lambda_2": 3187.220990897181, "d_L": 42.87990708014573, "t_c": 0.044139749461733324, "phase_c": 1.9866040975540742, "cos_iota": 0.8794210173269423, "psi": 0.8611906172817053, "ra": 2.348080686152689, "sin_dec": -0.9032872163365593}