{"M_c": 2.3236260582812944, "eta": 0.24606588743761276, "s1_z": 0.011284014294064372, "s2_z": -0.014567789886365978, "lambda_1": 3356.244780500313, "lambda_2": 3187.220990897181, "d_L": 42.87990708014573, "t_c": 0.044139749461733324, "phase_c": 1.9866040975540742, "iota": 0.4961517316705129, "psi": 0.8611906172817053, "ra": 2.348080686152689, "dec": -1.1273706265700842, "gmst": 2.7288923786848907}