{"seed": 3672, "f_sampling": 4096, "duration": 128, "post_trigger_duration": 2, "trigger_time": 1187008882.43, "fmin": 20, "fref": 20, "ifos": ["H1", "L1", "V1"], "outdir": "./outdir_NRTv2_ref_wf_no_taper/injection_58/", "M_c": 1.6804392666760377, "q": 0.5862338862958039, "s1_z": 0.0037824043186574646, "s2_z": 0.0421875428710097, "lambda_1": 1380.5797408622666, "lambda_2": 1577.1098360829294, "d_L": 134.3001928741411, "t_c": 0.07605679605103233, "phase_c": 0.7258487722525475, "cos_iota": 0.16933726691425344, "psi": 0.711250632353982, "ra": 3.844088721622029, "sin_dec": 0.16864254680535162}