{"M_c": 1.6804392666760377, "eta": 0.2329895656762424, "s1_z": 0.0037824043186574646, "s2_z": 0.0421875428710097, "lambda_1": 1380.5797408622666, "lambda_2": 1577.1098360829294, "d_L": 134.3001928741411, "t_c": 0.07605679605103233, "phase_c": 0.7258487722525475, "iota": 1.4006391409869146, "psi": 0.711250632353982, "ra": 3.844088721622029, "dec": 0.1694523282683451, "gmst": 2.7288923786848907}