{"seed": 4806, "f_sampling": 4096, "duration": 128, "post_trigger_duration": 2, "trigger_time": 1187008882.43, "fmin": 20, "fref": 20, "ifos": ["H1", "L1", "V1"], "outdir": "./outdir_NRTv2_ref_wf_no_taper/injection_81/", "M_c": 0.8763362867471024, "q": 0.8611041459027483, "s1_z": 0.02489132777833894, "s2_z": 0.04193406686331205, "lambda_1": 1228.9662528677752, "lambda_2": 182.49039997210448, "d_L": 49.91371721177889, "t_c": 0.07222552723652043, "phase_c": 1.0933449247687779, "cos_iota": -0.08193799839059035, "psi": 2.2709689327919587, "ra": 3.46468447243311, "sin_dec": 0.5325642388990708}