{"M_c": 0.8763362867471024, "eta": 0.2486075576585707, "s1_z": 0.02489132777833894, "s2_z": 0.04193406686331205, "lambda_1": 1228.9662528677752, "lambda_2": 182.49039997210448, "d_L": 49.91371721177889, "t_c": 0.07222552723652043, "phase_c": 1.0933449247687779, "iota": 1.6528262896776635, "psi": 2.2709689327919587, "ra": 3.46468447243311, "dec": 0.5616273078721167, "gmst": 2.7288923786848907}