{"seed": 8094, "f_sampling": 4096, "duration": 128, "post_trigger_duration": 2, "trigger_time": 1187008882.43, "fmin": 20, "fref": 20, "ifos": ["H1", "L1", "V1"], "outdir": "./outdir_TaylorF2_part3/injection_42/", "M_c": 2.353663040281454, "q": 0.9630681860595618, "s1_z": 0.018031889090829673, "s2_z": 0.01215771920120303, "lambda_1": 2940.7760731665635, "lambda_2": 3050.8903770887628, "d_L": 142.96352284751782, "t_c": 0.08335552235732943, "phase_c": 1.0290831664000613, "cos_iota": 0.8867788510530392, "psi": 1.4777078956849254, "ra": 1.2131105881059814, "sin_dec": -0.9723191401338691}