{"M_c": 2.353663040281454, "eta": 0.2499115148244367, "s1_z": 0.018031889090829673, "s2_z": 0.01215771920120303, "lambda_1": 2940.7760731665635, "lambda_2": 3050.8903770887628, "d_L": 142.96352284751782, "t_c": 0.08335552235732943, "phase_c": 1.0290831664000613, "iota": 0.4804677013016743, "psi": 1.4777078956849254, "ra": 1.2131105881059814, "dec": -1.3349594509685547, "gmst": 2.7288923786848907}