{"seed": 4238, "f_sampling": 4096, "duration": 128, "post_trigger_duration": 2, "trigger_time": 1187008882.43, "fmin": 20, "fref": 20, "ifos": ["H1", "L1", "V1"], "outdir": "./outdir/injection_31/", "M_c": 1.956557557300715, "q": 0.9712012709882799, "s1_z": 0.022251764630135312, "s2_z": 0.03384764796443983, "lambda_1": 3382.9620074176687, "lambda_2": 4400.612762260075, "d_L": 166.85960962104937, "t_c": 0.01731118983362337, "phase_c": 1.3362907449377242, "cos_iota": 0.9543880383014236, "psi": 3.090272114942215, "ra": 0.4497407229193489, "sin_dec": -0.2749680087303594}