{"seed": 8586, "f_sampling": 4096, "duration": 128, "post_trigger_duration": 2, "trigger_time": 1187008882.43, "fmin": 20, "fref": 20, "ifos": ["H1", "L1", "V1"], "outdir": "./outdir_NRTv2_ref_wf_no_taper/injection_25/", "M_c": 2.416709693360754, "q": 0.8925109463971983, "s1_z": 0.026604344633237867, "s2_z": -0.01701682888202828, "lambda_1": 1178.7620290786988, "lambda_2": 3535.504914945198, "d_L": 125.83127090074312, "t_c": -0.0500787108996607, "phase_c": 3.96068654593782, "cos_iota": -0.34839005774913523, "psi": 1.604177937518631, "ra": 3.520704264854335, "sin_dec": 0.08788104446030998}