{"M_c": 2.416709693360754, "eta": 0.2491935235564187, "s1_z": 0.026604344633237867, "s2_z": -0.01701682888202828, "lambda_1": 1178.7620290786988, "lambda_2": 3535.504914945198, "d_L": 125.83127090074312, "t_c": -0.0500787108996607, "phase_c": 3.96068654593782, "iota": 1.926649333847026, "psi": 1.604177937518631, "ra": 3.520704264854335, "dec": 0.08799455810128852, "gmst": 2.7288923786848907}