{"seed": 2030, "f_sampling": 4096, "duration": 128, "post_trigger_duration": 2, "trigger_time": 1187008882.43, "fmin": 20, "fref": 20, "ifos": ["H1", "L1", "V1"], "outdir": "./outdir_TaylorF2_part3/injection_99/", "M_c": 0.9077697407696597, "q": 0.9135553200044921, "s1_z": 0.0448298668958749, "s2_z": 0.03426754716379936, "lambda_1": 393.6209681741204, "lambda_2": 3096.3024254362444, "d_L": 54.28333931302364, "t_c": 0.038945352239164566, "phase_c": 4.884905076800892, "cos_iota": 0.6703390200087453, "psi": 2.5457666809791593, "ra": 2.513760295461263, "sin_dec": -0.6712027992498477}