{"M_c": 0.9077697407696597, "eta": 0.24948980698717516, "s1_z": 0.0448298668958749, "s2_z": 0.03426754716379936, "lambda_1": 393.6209681741204, "lambda_2": 3096.3024254362444, "d_L": 54.28333931302364, "t_c": 0.038945352239164566, "phase_c": 4.884905076800892, "iota": 0.8361307671371772, "psi": 2.5457666809791593, "ra": 2.513760295461263, "dec": -0.7358302092897914, "gmst": 2.7288923786848907}