{"seed": 2448, "f_sampling": 4096, "duration": 128, "post_trigger_duration": 2, "trigger_time": 1187008882.43, "fmin": 20, "fref": 20, "ifos": ["H1", "L1", "V1"], "outdir": "./outdir_NRTv2_ref_wf_no_taper/injection_29/", "M_c": 0.9408454516814392, "q": 0.5487119253651636, "s1_z": 0.025182249667204323, "s2_z": -0.003498263879010269, "lambda_1": 1093.0861741987135, "lambda_2": 945.5108519355282, "d_L": 182.07568847766876, "t_c": -0.03491718087821567, "phase_c": 4.057881716114583, "cos_iota": -0.5850783523371492, "psi": 0.7758487005403949, "ra": 4.078713689122201, "sin_dec": -0.8725394288641954}