{"M_c": 0.9408454516814392, "eta": 0.22877212906910438, "s1_z": 0.025182249667204323, "s2_z": -0.003498263879010269, "lambda_1": 1093.0861741987135, "lambda_2": 945.5108519355282, "d_L": 182.07568847766876, "t_c": -0.03491718087821567, "phase_c": 4.057881716114583, "iota": 2.195772995963176, "psi": 0.7758487005403949, "ra": 4.078713689122201, "dec": -1.060376393589678, "gmst": 2.7288923786848907}