{"seed": 3991, "f_sampling": 4096, "duration": 128, "post_trigger_duration": 2, "trigger_time": 1187008882.43, "fmin": 20, "fref": 20, "ifos": ["H1", "L1", "V1"], "outdir": "./outdir_TaylorF2_part3/injection_66/", "M_c": 2.4833756392605153, "q": 0.7904302858175187, "s1_z": 0.013301479298119562, "s2_z": 0.019562364930829773, "lambda_1": 1399.1437270321062, "lambda_2": 3789.053677374055, "d_L": 137.23113318926534, "t_c": 0.07227802104659456, "phase_c": 0.7790750177166921, "cos_iota": -0.2981130352142609, "psi": 2.1455201941583724, "ra": 1.9065784007790856, "sin_dec": -0.6494720568056995}