{"M_c": 2.4833756392605153, "eta": 0.24657482930339908, "s1_z": 0.013301479298119562, "s2_z": 0.019562364930829773, "lambda_1": 1399.1437270321062, "lambda_2": 3789.053677374055, "d_L": 137.23113318926534, "t_c": 0.07227802104659456, "phase_c": 0.7790750177166921, "iota": 1.8735115178246522, "psi": 2.1455201941583724, "ra": 1.9065784007790856, "dec": -0.7068899207174617, "gmst": 2.7288923786848907}