{"seed": 4453, "f_sampling": 4096, "duration": 128, "post_trigger_duration": 2, "trigger_time": 1187008882.43, "fmin": 20, "fref": 20, "ifos": ["H1", "L1", "V1"], "outdir": "./outdir_TaylorF2_part3/injection_103/", "M_c": 2.2375104532250694, "q": 0.9608005019500847, "s1_z": -0.01402742820193991, "s2_z": -0.043039992570203946, "lambda_1": 1194.6145240978944, "lambda_2": 3894.1978391986963, "d_L": 97.60423952837115, "t_c": -0.019171233305193797, "phase_c": 5.380017022929751, "cos_iota": 0.38484398358016847, "psi": 2.096316421106537, "ra": 0.2527925847839034, "sin_dec": 0.23524828343466475}