{"M_c": 2.2375104532250694, "eta": 0.24990008419272058, "s1_z": -0.01402742820193991, "s2_z": -0.043039992570203946, "lambda_1": 1194.6145240978944, "lambda_2": 3894.1978391986963, "d_L": 97.60423952837115, "t_c": -0.019171233305193797, "phase_c": 5.380017022929751, "iota": 1.175757545435692, "psi": 2.096316421106537, "ra": 0.2527925847839034, "dec": 0.23747401283424405, "gmst": 2.7288923786848907}