{"seed": 6661, "f_sampling": 4096, "duration": 128, "post_trigger_duration": 2, "trigger_time": 1187008882.43, "fmin": 20, "fref": 20, "ifos": ["H1", "L1", "V1"], "outdir": "./outdir_NRTv2_ref_wf_no_taper/injection_36/", "M_c": 2.490051577843765, "q": 0.9223294676165124, "s1_z": -0.00907041855599737, "s2_z": -0.020348677986131415, "lambda_1": 2676.0509930324743, "lambda_2": 4174.687306411864, "d_L": 203.67517669548576, "t_c": 0.09822009088558428, "phase_c": 3.9024850092779495, "cos_iota": -0.263392376708413, "psi": 1.5593391217663521, "ra": 2.8753637247992123, "sin_dec": 0.8502481407612887}