{"M_c": 2.490051577843765, "eta": 0.24959187149725315, "s1_z": -0.00907041855599737, "s2_z": -0.020348677986131415, "lambda_1": 2676.0509930324743, "lambda_2": 4174.687306411864, "d_L": 203.67517669548576, "t_c": 0.09822009088558428, "phase_c": 3.9024850092779495, "iota": 1.8373334007380961, "psi": 1.5593391217663521, "ra": 2.8753637247992123, "dec": 1.0164565225592814, "gmst": 2.7288923786848907}