{"seed": 9013, "f_sampling": 4096, "duration": 128, "post_trigger_duration": 2, "trigger_time": 1187008882.43, "fmin": 20, "fref": 20, "ifos": ["H1", "L1", "V1"], "outdir": "./outdir_NRTv2_new_taper/injection_2/", "M_c": 1.4339433092935412, "q": 0.7343761757827376, "s1_z": 0.009436907441692864, "s2_z": 0.04361999713360688, "lambda_1": 2580.6707357731743, "lambda_2": 1690.9376793806387, "d_L": 216.53021914967002, "t_c": 0.08666284782353675, "phase_c": 3.417092632511369, "cos_iota": 0.7129627035936983, "psi": 0.8105236842469131, "ra": 1.880721127555324, "sin_dec": 0.5054205491747434}