{"M_c": 1.4339433092935412, "eta": 0.24413608778379484, "s1_z": 0.009436907441692864, "s2_z": 0.04361999713360688, "lambda_1": 2580.6707357731743, "lambda_2": 1690.9376793806387, "d_L": 216.53021914967002, "t_c": 0.08666284782353675, "phase_c": 3.417092632511369, "iota": 0.7770819632593683, "psi": 0.8105236842469131, "ra": 1.880721127555324, "dec": 0.5298692781793832, "gmst": 2.7288923786848907}