{"seed": 3519, "f_sampling": 4096, "duration": 128, "post_trigger_duration": 2, "trigger_time": 1187008882.43, "fmin": 20, "fref": 20, "ifos": ["H1", "L1", "V1"], "outdir": "./outdir_NRTv2_ref_wf_no_taper/injection_2/", "M_c": 1.7495617722225851, "q": 0.9786856974379726, "s1_z": -0.0022553389954426545, "s2_z": 0.0016916453565898187, "lambda_1": 3659.816566174377, "lambda_2": 294.61529271982477, "d_L": 109.00803249992764, "t_c": 0.012004900443289473, "phase_c": 2.9487517439537587, "cos_iota": -0.3009724583575817, "psi": 3.1260684961683003, "ra": 6.197895621245725, "sin_dec": 0.9702664071507097}