{"M_c": 1.7495617722225851, "eta": 0.24997099127557626, "s1_z": -0.0022553389954426545, "s2_z": 0.0016916453565898187, "lambda_1": 3659.816566174377, "lambda_2": 294.61529271982477, "d_L": 109.00803249992764, "t_c": 0.012004900443289473, "phase_c": 2.9487517439537587, "iota": 1.876508557797192, "psi": 3.1260684961683003, "ra": 6.197895621245725, "dec": 1.3263290684309024, "gmst": 2.7288923786848907}