{"seed": 2423, "f_sampling": 4096, "duration": 128, "post_trigger_duration": 2, "trigger_time": 1187008882.43, "fmin": 20, "fref": 20, "ifos": ["H1", "L1", "V1"], "outdir": "./outdir_NRTv2_ref_wf_no_taper/injection_90/", "M_c": 1.7578635095976833, "q": 0.5825047902586038, "s1_z": 0.03159523776206494, "s2_z": -0.011601351660933387, "lambda_1": 600.4609998132188, "lambda_2": 181.2602887635578, "d_L": 91.87081002000652, "t_c": 0.06970776200871012, "phase_c": 4.34288496993211, "cos_iota": -0.6653209969960738, "psi": 2.240385296927913, "ra": 1.3433121233206968, "sin_dec": 0.17439367238644254}