{"M_c": 1.7578635095976833, "eta": 0.23259985226156651, "s1_z": 0.03159523776206494, "s2_z": -0.011601351660933387, "lambda_1": 600.4609998132188, "lambda_2": 181.2602887635578, "d_L": 91.87081002000652, "t_c": 0.06970776200871012, "phase_c": 4.34288496993211, "iota": 2.2987200320677745, "psi": 2.240385296927913, "ra": 1.3433121233206968, "dec": 0.17528997097706686, "gmst": 2.7288923786848907}