{"seed": 8496, "f_sampling": 4096, "duration": 128, "post_trigger_duration": 2, "trigger_time": 1187008882.43, "fmin": 20, "fref": 20, "ifos": ["H1", "L1", "V1"], "outdir": "./outdir/injection_12/", "M_c": 2.046567719354238, "q": 0.803332134492599, "s1_z": 0.04758754345680216, "s2_z": 0.028611286356305943, "lambda_1": 1151.7966332299256, "lambda_2": 4515.347900787522, "d_L": 253.88629119965523, "t_c": -0.016743999594600295, "phase_c": 3.2418761294891896, "cos_iota": 0.7269371648475078, "psi": 0.13572511862631415, "ra": 3.0566298556117206, "sin_dec": -0.1999972459203283}