{"M_c": 2.046567719354238, "eta": 0.2470265860549275, "s1_z": 0.04758754345680216, "s2_z": 0.028611286356305943, "lambda_1": 1151.7966332299256, "lambda_2": 4515.347900787522, "d_L": 253.88629119965523, "t_c": -0.016743999594600295, "phase_c": 3.2418761294891896, "iota": 0.7569451677298391, "psi": 0.13572511862631415, "ra": 3.0566298556117206, "dec": -0.20135510992034275, "gmst": 2.7288923786848907}