{"seed": 2695, "f_sampling": 4096, "duration": 128, "post_trigger_duration": 2, "trigger_time": 1187008882.43, "fmin": 20, "fref": 20, "ifos": ["H1", "L1", "V1"], "outdir": "./outdir_TaylorF2_part3/injection_34/", "M_c": 2.342129638914642, "q": 0.7272829898905722, "s1_z": -0.038823220748717205, "s2_z": 0.04025775782486564, "lambda_1": 1905.874051015955, "lambda_2": 4876.546096937699, "d_L": 150.0972982544144, "t_c": -0.040400417729144406, "phase_c": 3.6452402989634733, "cos_iota": 0.46279116346777016, "psi": 3.132698903979854, "ra": 0.47215743824807116, "sin_dec": 0.6443324248333184}