{"M_c": 2.342129638914642, "eta": 0.24376785613456572, "s1_z": -0.038823220748717205, "s2_z": 0.04025775782486564, "lambda_1": 1905.874051015955, "lambda_2": 4876.546096937699, "d_L": 150.0972982544144, "t_c": -0.040400417729144406, "phase_c": 3.6452402989634733, "iota": 1.089655070124737, "psi": 3.132698903979854, "ra": 0.47215743824807116, "dec": 0.7001500242112088, "gmst": 2.7288923786848907}