{"seed": 3242, "f_sampling": 4096, "duration": 128, "post_trigger_duration": 2, "trigger_time": 1187008882.43, "fmin": 20, "fref": 20, "ifos": ["H1", "L1", "V1"], "outdir": "./outdir_TaylorF2_part3/injection_100/", "M_c": 1.9646541509503181, "q": 0.769359742850416, "s1_z": -0.03777805596284198, "s2_z": -0.013254924394878166, "lambda_1": 1267.5921599196638, "lambda_2": 3993.6957414905396, "d_L": 160.72774806174934, "t_c": -0.09460846159662156, "phase_c": 5.851838534987182, "cos_iota": 0.9540681852424506, "psi": 0.23874441573266353, "ra": 4.211103419937941, "sin_dec": 0.07914943633340576}