{"M_c": 1.9646541509503181, "eta": 0.24575206412473777, "s1_z": -0.03777805596284198, "s2_z": -0.013254924394878166, "lambda_1": 1267.5921599196638, "lambda_2": 3993.6957414905396, "d_L": 160.72774806174934, "t_c": -0.09460846159662156, "phase_c": 5.851838534987182, "iota": 0.30426241361605516, "psi": 0.23874441573266353, "ra": 4.211103419937941, "dec": 0.07923231054145713, "gmst": 2.7288923786848907}