{"seed": 7839, "f_sampling": 4096, "duration": 128, "post_trigger_duration": 2, "trigger_time": 1187008882.43, "fmin": 20, "fref": 20, "ifos": ["H1", "L1", "V1"], "outdir": "./outdir_NRTv2_ref_wf_no_taper/injection_48/", "M_c": 1.0511710723997767, "q": 0.8697880811623184, "s1_z": 0.005149205967492451, "s2_z": -0.030215052101753317, "lambda_1": 3981.2200227272674, "lambda_2": 3199.124674539248, "d_L": 42.465398116131176, "t_c": -0.02697886314903082, "phase_c": 2.167201828368434, "cos_iota": -0.9489189700783447, "psi": 1.0974282954840495, "ra": 0.6509418378076972, "sin_dec": -0.8020363972333657}