{"M_c": 1.0511710723997767, "eta": 0.24878756989306197, "s1_z": 0.005149205967492451, "s2_z": -0.030215052101753317, "lambda_1": 3981.2200227272674, "lambda_2": 3199.124674539248, "d_L": 42.465398116131176, "t_c": -0.02697886314903082, "phase_c": 2.167201828368434, "iota": 2.820588194638689, "psi": 1.0974282954840495, "ra": 0.6509418378076972, "dec": -0.930696934393311, "gmst": 2.7288923786848907}