{"seed": 1526, "f_sampling": 4096, "duration": 128, "post_trigger_duration": 2, "trigger_time": 1187008882.43, "fmin": 20, "fref": 20, "ifos": ["H1", "L1", "V1"], "outdir": "./outdir_NRTv2_ref_wf_no_taper/injection_101/", "M_c": 2.32936954086772, "q": 0.7700516400102881, "s1_z": 0.04725927284672421, "s2_z": -0.047969756283490594, "lambda_1": 697.598909838436, "lambda_2": 4396.327648151052, "d_L": 189.28465919287314, "t_c": 0.07650922305484528, "phase_c": 0.4076928630338192, "cos_iota": 0.02607201392173697, "psi": 0.370706563710116, "ra": 4.49177853192149, "sin_dec": 0.06564424597495377}