{"M_c": 2.32936954086772, "eta": 0.24578081306039626, "s1_z": 0.04725927284672421, "s2_z": -0.047969756283490594, "lambda_1": 697.598909838436, "lambda_2": 4396.327648151052, "d_L": 189.28465919287314, "t_c": 0.07650922305484528, "phase_c": 0.4076928630338192, "iota": 1.5447213582277621, "psi": 0.370706563710116, "ra": 4.49177853192149, "dec": 0.0656914829675847, "gmst": 2.7288923786848907}