{"seed": 3578, "f_sampling": 4096, "duration": 128, "post_trigger_duration": 2, "trigger_time": 1187008882.43, "fmin": 20, "fref": 20, "ifos": ["H1", "L1", "V1"], "outdir": "./outdir_TaylorF2_part3/injection_82/", "M_c": 2.5506653274177533, "q": 0.673741951615437, "s1_z": 0.04020224581651552, "s2_z": -0.0435452768888499, "lambda_1": 1138.4389996708178, "lambda_2": 325.4822709565619, "d_L": 44.48994199249277, "t_c": -0.022667258411967456, "phase_c": 3.643150783967985, "cos_iota": -0.1621891387545038, "psi": 1.7052373892463135, "ra": 4.425715907890069, "sin_dec": -0.6785194102768868}