{"M_c": 2.5506653274177533, "eta": 0.24050083408354403, "s1_z": 0.04020224581651552, "s2_z": -0.0435452768888499, "lambda_1": 1138.4389996708178, "lambda_2": 325.4822709565619, "d_L": 44.48994199249277, "t_c": -0.022667258411967456, "phase_c": 3.643150783967985, "iota": 1.7337050897772541, "psi": 1.7052373892463135, "ra": 4.425715907890069, "dec": -0.7457452008354297, "gmst": 2.7288923786848907}