{"seed": 5013, "f_sampling": 4096, "duration": 128, "post_trigger_duration": 2, "trigger_time": 1187008882.43, "fmin": 20, "fref": 20, "ifos": ["H1", "L1", "V1"], "outdir": "./outdir_NRTv2_ref_wf_no_taper/injection_97/", "M_c": 1.7502152038645549, "q": 0.6249318753478657, "s1_z": 0.010610231331342965, "s2_z": -0.010126172792827612, "lambda_1": 4600.0606648254125, "lambda_2": 1678.534970793557, "d_L": 183.9283446222378, "t_c": -0.039464478384875795, "phase_c": 0.005627773786091177, "cos_iota": 0.7662719515993903, "psi": 2.276706432603372, "ra": 4.535328864828024, "sin_dec": -0.4698493006978761}