{"M_c": 1.7502152038645549, "eta": 0.23668043607466288, "s1_z": 0.010610231331342965, "s2_z": -0.010126172792827612, "lambda_1": 4600.0606648254125, "lambda_2": 1678.534970793557, "d_L": 183.9283446222378, "t_c": -0.039464478384875795, "phase_c": 0.005627773786091177, "iota": 0.6977776857473016, "psi": 2.276706432603372, "ra": 4.535328864828024, "dec": -0.48912005388682317, "gmst": 2.7288923786848907}