{"seed": 3211, "f_sampling": 4096, "duration": 128, "post_trigger_duration": 2, "trigger_time": 1187008882.43, "fmin": 20, "fref": 20, "ifos": ["H1", "L1", "V1"], "outdir": "./outdir_TaylorF2_part3/injection_18/", "M_c": 2.0695326989944034, "q": 0.9440506135302337, "s1_z": -0.010501776202065681, "s2_z": -0.010355813857604146, "lambda_1": 4630.729006084528, "lambda_2": 3445.593863099032, "d_L": 126.51982941642363, "t_c": -0.09620888068737908, "phase_c": 1.1703340977303662, "cos_iota": 0.8851194289315227, "psi": 1.6240764365098026, "ra": 3.10702352801233, "sin_dec": 0.33993113896938176}