{"M_c": 2.0695326989944034, "eta": 0.2497929307881864, "s1_z": -0.010501776202065681, "s2_z": -0.010355813857604146, "lambda_1": 4630.729006084528, "lambda_2": 3445.593863099032, "d_L": 126.51982941642363, "t_c": -0.09620888068737908, "phase_c": 1.1703340977303662, "iota": 0.4840457427950738, "psi": 1.6240764365098026, "ra": 3.10702352801233, "dec": 0.34684367522094367, "gmst": 2.7288923786848907}