{"seed": 7020, "f_sampling": 4096, "duration": 128, "post_trigger_duration": 2, "trigger_time": 1187008882.43, "fmin": 20, "fref": 20, "ifos": ["H1", "L1", "V1"], "outdir": "./outdir_TaylorF2_part3/injection_51/", "M_c": 1.6294866915572839, "q": 0.883477173592513, "s1_z": -0.02520318799482051, "s2_z": 0.026927266459751395, "lambda_1": 265.45396229231244, "lambda_2": 3304.0246008122267, "d_L": 206.67262366122347, "t_c": -0.08436329466667698, "phase_c": 4.1760170639969045, "cos_iota": -0.7209353953508644, "psi": 1.2994221899741907, "ra": 0.02098361045618251, "sin_dec": 0.475505393542782}