{"M_c": 1.6294866915572839, "eta": 0.24904315562727455, "s1_z": -0.02520318799482051, "s2_z": 0.026927266459751395, "lambda_1": 265.45396229231244, "lambda_2": 3304.0246008122267, "d_L": 206.67262366122347, "t_c": -0.08436329466667698, "phase_c": 4.1760170639969045, "iota": 2.375947472210721, "psi": 1.2994221899741907, "ra": 0.02098361045618251, "dec": 0.4955384409123725, "gmst": 2.7288923786848907}