{"seed": 342, "f_sampling": 4096, "duration": 128, "post_trigger_duration": 2, "trigger_time": 1187008882.43, "fmin": 20, "fref": 20, "ifos": ["H1", "L1", "V1"], "outdir": "./outdir_NRTv2_ref_wf_no_taper/injection_69/", "M_c": 1.6767048462411411, "q": 0.7599475117222876, "s1_z": 0.005751538346514054, "s2_z": 0.012134622566115583, "lambda_1": 2074.3750222238946, "lambda_2": 3898.5150974350186, "d_L": 38.090965081301256, "t_c": -0.09510661240859715, "phase_c": 0.9459572918314115, "cos_iota": 0.440888860496329, "psi": 0.10524228103577381, "ra": 4.1518437933818175, "sin_dec": -0.8837117537195216}