{"M_c": 1.6767048462411411, "eta": 0.24534892865594776, "s1_z": 0.005751538346514054, "s2_z": 0.012134622566115583, "lambda_1": 2074.3750222238946, "lambda_2": 3898.5150974350186, "d_L": 38.090965081301256, "t_c": -0.09510661240859715, "phase_c": 0.9459572918314115, "iota": 1.1142075882576643, "psi": 0.10524228103577381, "ra": 4.1518437933818175, "dec": -1.083734340290174, "gmst": 2.7288923786848907}