{"seed": 35, "f_sampling": 4096, "duration": 128, "post_trigger_duration": 2, "trigger_time": 1187008882.43, "fmin": 20, "fref": 20, "ifos": ["H1", "L1", "V1"], "outdir": "./outdir_NRTv2_ref_wf_no_taper/injection_74/", "M_c": 2.1234784559579514, "q": 0.8299181378321812, "s1_z": -0.038712586736222826, "s2_z": -0.034208622239592826, "lambda_1": 3690.565893908403, "lambda_2": 2330.182862528043, "d_L": 288.66637399313095, "t_c": -0.09734173177308765, "phase_c": 3.455756169534601, "cos_iota": 0.6327554396914536, "psi": 2.0590909285281116, "ra": 1.9573922548529779, "sin_dec": 0.8195110510687051}