{"M_c": 2.1234784559579514, "eta": 0.247840303674725, "s1_z": -0.038712586736222826, "s2_z": -0.034208622239592826, "lambda_1": 3690.565893908403, "lambda_2": 2330.182862528043, "d_L": 288.66637399313095, "t_c": -0.09734173177308765, "phase_c": 3.455756169534601, "iota": 0.8856898834427034, "psi": 2.0590909285281116, "ra": 1.9573922548529779, "dec": 0.9605572778551831, "gmst": 2.7288923786848907}